operation,type,sample,repetitions,elements,elapsed_ns,ns_per_value,checksum
copy (baseline),real,1,32768,4096,20572587,0.153277718,8530682679836256997
copy (baseline),real,2,32768,4096,20592635,0.153427087,8530682679836256997
copy (baseline),real,3,32768,4096,20715724,0.154344171,8530682679836256997
copy (baseline),real,4,32768,4096,20599014,0.153474614,8530682679836256997
copy (baseline),real,5,32768,4096,20321435,0.151406489,8530682679836256997
copy (baseline),real,6,32768,4096,20446741,0.152340092,8530682679836256997
copy (baseline),real,7,32768,4096,20565808,0.153227210,8530682679836256997
copy (baseline),real,8,32768,4096,20638479,0.153768651,8530682679836256997
copy (baseline),real,9,32768,4096,20315974,0.151365802,8530682679836256997
copy (baseline),real,10,32768,4096,20695752,0.154195368,8530682679836256997
copy (baseline),real,11,32768,4096,20943978,0.156044796,8530682679836256997
copy (baseline),fine,1,32768,4096,20537652,0.153017431,4066115980277539621
copy (baseline),fine,2,32768,4096,20351010,0.151626840,4066115980277539621
copy (baseline),fine,3,32768,4096,20446985,0.152341910,4066115980277539621
copy (baseline),fine,4,32768,4096,20332684,0.151490301,4066115980277539621
copy (baseline),fine,5,32768,4096,20708474,0.154290155,4066115980277539621
copy (baseline),fine,6,32768,4096,20231971,0.150739931,4066115980277539621
copy (baseline),fine,7,32768,4096,20346816,0.151595592,4066115980277539621
copy (baseline),fine,8,32768,4096,20404478,0.152025208,4066115980277539621
copy (baseline),fine,9,32768,4096,20565057,0.153221615,4066115980277539621
copy (baseline),fine,10,32768,4096,20532356,0.152977973,4066115980277539621
copy (baseline),fine,11,32768,4096,20709441,0.154297359,4066115980277539621
copy (baseline),float,1,131072,4096,26326285,0.049036527,14080373286685119269
copy (baseline),float,2,131072,4096,26320944,0.049026579,14080373286685119269
copy (baseline),float,3,131072,4096,26288660,0.048966445,14080373286685119269
copy (baseline),float,4,131072,4096,26134668,0.048679613,14080373286685119269
copy (baseline),float,5,131072,4096,26124494,0.048660662,14080373286685119269
copy (baseline),float,6,131072,4096,26138768,0.048687249,14080373286685119269
copy (baseline),float,7,131072,4096,26242796,0.048881017,14080373286685119269
copy (baseline),float,8,131072,4096,26270270,0.048932191,14080373286685119269
copy (baseline),float,9,131072,4096,26422774,0.049216252,14080373286685119269
copy (baseline),float,10,131072,4096,26503866,0.049367297,14080373286685119269
copy (baseline),float,11,131072,4096,26362611,0.049104190,14080373286685119269
copy (baseline),double,1,32768,4096,19954755,0.148674510,4454559775849145125
copy (baseline),double,2,32768,4096,19845333,0.147859253,4454559775849145125
copy (baseline),double,3,32768,4096,20237435,0.150780641,4454559775849145125
copy (baseline),double,4,32768,4096,20146076,0.150099963,4454559775849145125
copy (baseline),double,5,32768,4096,25786834,0.192126885,4454559775849145125
copy (baseline),double,6,32768,4096,19925828,0.148458987,4454559775849145125
copy (baseline),double,7,32768,4096,20132526,0.149999008,4454559775849145125
copy (baseline),double,8,32768,4096,20117480,0.149886906,4454559775849145125
copy (baseline),double,9,32768,4096,20023161,0.149184175,4454559775849145125
copy (baseline),double,10,32768,4096,20300156,0.151247948,4454559775849145125
copy (baseline),double,11,32768,4096,20127549,0.149961926,4454559775849145125
+,real,1,8192,4096,25240143,0.752214879,7689280502093494693
+,real,2,8192,4096,24999237,0.745035321,7689280502093494693
+,real,3,8192,4096,25112465,0.748409778,7689280502093494693
+,real,4,8192,4096,26052720,0.776431561,7689280502093494693
+,real,5,8192,4096,25161385,0.749867707,7689280502093494693
+,real,6,8192,4096,25178740,0.750384927,7689280502093494693
+,real,7,8192,4096,25160155,0.749831051,7689280502093494693
+,real,8,8192,4096,25090162,0.747745097,7689280502093494693
+,real,9,8192,4096,25033360,0.746052265,7689280502093494693
+,real,10,8192,4096,25048841,0.746513635,7689280502093494693
+,real,11,8192,4096,25168651,0.750084251,7689280502093494693
+,fine,1,8192,4096,22449543,0.669048518,16922978321988018981
+,fine,2,8192,4096,22331525,0.665531307,16922978321988018981
+,fine,3,8192,4096,22707912,0.676748514,16922978321988018981
+,fine,4,8192,4096,24940117,0.743273407,16922978321988018981
+,fine,5,8192,4096,22492884,0.670340180,16922978321988018981
+,fine,6,8192,4096,20473312,0.610152245,16922978321988018981
+,fine,7,8192,4096,25035199,0.746107072,16922978321988018981
+,fine,8,8192,4096,22464317,0.669488817,16922978321988018981
+,fine,9,8192,4096,22877488,0.681802273,16922978321988018981
+,fine,10,8192,4096,22347636,0.666011453,16922978321988018981
+,fine,11,8192,4096,28321800,0.844055414,16922978321988018981
+,float,1,65536,4096,21694655,0.080818888,573266431752489765
+,float,2,65536,4096,21669412,0.080724850,573266431752489765
+,float,3,65536,4096,21766780,0.081087574,573266431752489765
+,float,4,65536,4096,22128111,0.082433637,573266431752489765
+,float,5,65536,4096,22005028,0.081975117,573266431752489765
+,float,6,65536,4096,22019078,0.082027458,573266431752489765
+,float,7,65536,4096,22003080,0.081967860,573266431752489765
+,float,8,65536,4096,21976439,0.081868615,573266431752489765
+,float,9,65536,4096,22012716,0.082003757,573266431752489765
+,float,10,65536,4096,22140358,0.082479261,573266431752489765
+,float,11,65536,4096,22018653,0.082025874,573266431752489765
+,double,1,32768,4096,24474176,0.182346821,9176773101147087653
+,double,2,32768,4096,24507961,0.182598539,9176773101147087653
+,double,3,32768,4096,24938730,0.185808018,9176773101147087653
+,double,4,32768,4096,26366106,0.196442798,9176773101147087653
+,double,5,32768,4096,24339264,0.181341648,9176773101147087653
+,double,6,32768,4096,24510033,0.182613976,9176773101147087653
+,double,7,32768,4096,24429913,0.182017036,9176773101147087653
+,double,8,32768,4096,24550333,0.182914235,9176773101147087653
+,double,9,32768,4096,24535001,0.182800002,9176773101147087653
+,double,10,32768,4096,24888818,0.185436144,9176773101147087653
+,double,11,32768,4096,24405946,0.181838468,9176773101147087653
-,real,1,16384,4096,38962807,0.580591068,1804568153091188261
-,real,2,16384,4096,37603506,0.560335904,1804568153091188261
-,real,3,16384,4096,37733108,0.562267125,1804568153091188261
-,real,4,16384,4096,37574838,0.559908718,1804568153091188261
-,real,5,16384,4096,37785235,0.563043877,1804568153091188261
-,real,6,16384,4096,38206469,0.569320753,1804568153091188261
-,real,7,16384,4096,38641335,0.575800762,1804568153091188261
-,real,8,16384,4096,37612107,0.560464069,1804568153091188261
-,real,9,16384,4096,37245823,0.555006012,1804568153091188261
-,real,10,16384,4096,37474890,0.558419377,1804568153091188261
-,real,11,16384,4096,38133295,0.568230376,1804568153091188261
-,fine,1,8192,4096,26945311,0.803032845,12936006656188965669
-,fine,2,8192,4096,25726813,0.766718775,12936006656188965669
-,fine,3,8192,4096,26962450,0.803543627,12936006656188965669
-,fine,4,8192,4096,26418039,0.787318915,12936006656188965669
-,fine,5,8192,4096,26104416,0.777972221,12936006656188965669
-,fine,6,8192,4096,26238884,0.781979680,12936006656188965669
-,fine,7,8192,4096,26598440,0.792695284,12936006656188965669
-,fine,8,8192,4096,26794329,0.798533231,12936006656188965669
-,fine,9,8192,4096,26151949,0.779388815,12936006656188965669
-,fine,10,8192,4096,27789532,0.828192592,12936006656188965669
-,fine,11,8192,4096,27341816,0.814849615,12936006656188965669
-,float,1,65536,4096,21758803,0.081057858,13212642325216588581
-,float,2,65536,4096,21765667,0.081083428,13212642325216588581
-,float,3,65536,4096,21890188,0.081547305,13212642325216588581
-,float,4,65536,4096,21745045,0.081006605,13212642325216588581
-,float,5,65536,4096,21790482,0.081175871,13212642325216588581
-,float,6,65536,4096,21921246,0.081663005,13212642325216588581
-,float,7,65536,4096,22197526,0.082692228,13212642325216588581
-,float,8,65536,4096,21915161,0.081640337,13212642325216588581
-,float,9,65536,4096,21750732,0.081027791,13212642325216588581
-,float,10,65536,4096,21793580,0.081187412,13212642325216588581
-,float,11,65536,4096,22270941,0.082965720,13212642325216588581
-,double,1,32768,4096,24435508,0.182058722,11244055072482222885
-,double,2,32768,4096,25931471,0.193204515,11244055072482222885
-,double,3,32768,4096,24624025,0.183463283,11244055072482222885
-,double,4,32768,4096,24526134,0.182733938,11244055072482222885
-,double,5,32768,4096,24511325,0.182623602,11244055072482222885
-,double,6,32768,4096,24974943,0.186077826,11244055072482222885
-,double,7,32768,4096,24323342,0.181223020,11244055072482222885
-,double,8,32768,4096,24550236,0.182913512,11244055072482222885
-,double,9,32768,4096,24728217,0.184239574,11244055072482222885
-,double,10,32768,4096,25538834,0.190279141,11244055072482222885
-,double,11,32768,4096,24634366,0.183540329,11244055072482222885
*,real,1,4096,4096,37212528,2.218039513,17740798706744116638
*,real,2,4096,4096,33646456,2.005485058,17740798706744116638
*,real,3,4096,4096,33862460,2.018359900,17740798706744116638
*,real,4,4096,4096,33853224,2.017809391,17740798706744116638
*,real,5,4096,4096,35186389,2.097272217,17740798706744116638
*,real,6,4096,4096,35559328,2.119501114,17740798706744116638
*,real,7,4096,4096,35126880,2.093725204,17740798706744116638
*,real,8,4096,4096,36598617,2.181447566,17740798706744116638
*,real,9,4096,4096,38108990,2.271472812,17740798706744116638
*,real,10,4096,4096,36970392,2.203607082,17740798706744116638
*,real,11,4096,4096,37004894,2.205663562,17740798706744116638
*,fine,1,4096,4096,30297243,1.805856407,18428347677429576485
*,fine,2,4096,4096,30116167,1.795063436,18428347677429576485
*,fine,3,4096,4096,30209677,1.800637066,18428347677429576485
*,fine,4,4096,4096,30208107,1.800543487,18428347677429576485
*,fine,5,4096,4096,35677707,2.126557052,18428347677429576485
*,fine,6,4096,4096,30037026,1.790346265,18428347677429576485
*,fine,7,4096,4096,30401991,1.812099874,18428347677429576485
*,fine,8,4096,4096,30489182,1.817296863,18428347677429576485
*,fine,9,4096,4096,30351092,1.809066057,18428347677429576485
*,fine,10,4096,4096,30149643,1.797058761,18428347677429576485
*,fine,11,4096,4096,30311814,1.806724906,18428347677429576485
*,float,1,65536,4096,22194033,0.082679216,7712300480758325029
*,float,2,65536,4096,22266392,0.082948774,7712300480758325029
*,float,3,65536,4096,22312004,0.083118692,7712300480758325029
*,float,4,65536,4096,22235755,0.082834642,7712300480758325029
*,float,5,65536,4096,22999819,0.085681003,7712300480758325029
*,float,6,65536,4096,22074071,0.082232323,7712300480758325029
*,float,7,65536,4096,22220237,0.082776833,7712300480758325029
*,float,8,65536,4096,22097914,0.082321145,7712300480758325029
*,float,9,65536,4096,22458087,0.083662894,7712300480758325029
*,float,10,65536,4096,22163151,0.082564171,7712300480758325029
*,float,11,65536,4096,22247146,0.082877077,7712300480758325029
*,double,1,32768,4096,37828537,0.281844564,16168731676631589669
*,double,2,32768,4096,37559170,0.279837623,16168731676631589669
*,double,3,32768,4096,37540690,0.279699937,16168731676631589669
*,double,4,32768,4096,37634657,0.280400045,16168731676631589669
*,double,5,32768,4096,36836903,0.274456315,16168731676631589669
*,double,6,32768,4096,36976972,0.275499910,16168731676631589669
*,double,7,32768,4096,36829044,0.274397761,16168731676631589669
*,double,8,32768,4096,37052702,0.276064143,16168731676631589669
*,double,9,32768,4096,37351720,0.278292000,16168731676631589669
*,double,10,32768,4096,36803347,0.274206303,16168731676631589669
*,double,11,32768,4096,36903331,0.274951242,16168731676631589669
/,real,1,2048,4096,24157925,2.879849076,5459587993959055332
/,real,2,2048,4096,25365749,3.023832917,5459587993959055332
/,real,3,2048,4096,21231237,2.530960679,5459587993959055332
/,real,4,2048,4096,23489646,2.800184011,5459587993959055332
/,real,5,2048,4096,23171840,2.762298584,5459587993959055332
/,real,6,2048,4096,27113148,3.232139111,5459587993959055332
/,real,7,2048,4096,21453139,2.557413459,5459587993959055332
/,real,8,2048,4096,23527677,2.804717660,5459587993959055332
/,real,9,2048,4096,22616148,2.696054935,5459587993959055332
/,real,10,2048,4096,27708732,3.303138256,5459587993959055332
/,real,11,2048,4096,24624746,2.935498476,5459587993959055332
/,fine,1,1024,4096,34202786,8.154579639,5512370563385376908
/,fine,2,1024,4096,34539801,8.234930277,5512370563385376908
/,fine,3,1024,4096,34182172,8.149664879,5512370563385376908
/,fine,4,1024,4096,34315170,8.181374073,5512370563385376908
/,fine,5,1024,4096,34884973,8.317225695,5512370563385376908
/,fine,6,1024,4096,34888392,8.318040848,5512370563385376908
/,fine,7,1024,4096,34751740,8.285460472,5512370563385376908
/,fine,8,1024,4096,34910949,8.323418856,5512370563385376908
/,fine,9,1024,4096,33914727,8.085901022,5512370563385376908
/,fine,10,1024,4096,35101557,8.368863344,5512370563385376908
/,fine,11,1024,4096,34965799,8.336496115,5512370563385376908
/,float,1,32768,4096,22582969,0.168256231,9567769805046088396
/,float,2,32768,4096,22186497,0.165302284,9567769805046088396
/,float,3,32768,4096,22188874,0.165319994,9567769805046088396
/,float,4,32768,4096,22136344,0.164928615,9567769805046088396
/,float,5,32768,4096,22190148,0.165329486,9567769805046088396
/,float,6,32768,4096,22157188,0.165083915,9567769805046088396
/,float,7,32768,4096,21992146,0.163854256,9567769805046088396
/,float,8,32768,4096,21839070,0.162713751,9567769805046088396
/,float,9,32768,4096,23628210,0.176043883,9567769805046088396
/,float,10,32768,4096,21963753,0.163642712,9567769805046088396
/,float,11,32768,4096,21976254,0.163735852,9567769805046088396
/,double,1,16384,4096,29727699,0.442977235,4449342453015708427
/,double,2,16384,4096,29363189,0.437545612,4449342453015708427
/,double,3,16384,4096,29341371,0.437220499,4449342453015708427
/,double,4,16384,4096,29465770,0.439074188,4449342453015708427
/,double,5,16384,4096,29415129,0.438319579,4449342453015708427
/,double,6,16384,4096,29300662,0.436613888,4449342453015708427
/,double,7,16384,4096,29086100,0.433416665,4449342453015708427
/,double,8,16384,4096,29221910,0.435440391,4449342453015708427
/,double,9,16384,4096,29247500,0.435821712,4449342453015708427
/,double,10,16384,4096,29254947,0.435932681,4449342453015708427
/,double,11,16384,4096,29132366,0.434106082,4449342453015708427
< (byte output),real,1,16384,4096,22088585,0.329145566,10911262580662419107
< (byte output),real,2,16384,4096,21816564,0.325092137,10911262580662419107
< (byte output),real,3,16384,4096,21782755,0.324588344,10911262580662419107
< (byte output),real,4,16384,4096,21864130,0.325800925,10911262580662419107
< (byte output),real,5,16384,4096,21714307,0.323568389,10911262580662419107
< (byte output),real,6,16384,4096,22469940,0.334828198,10911262580662419107
< (byte output),real,7,16384,4096,22185995,0.330597088,10911262580662419107
< (byte output),real,8,16384,4096,21766498,0.324346095,10911262580662419107
< (byte output),real,9,16384,4096,21574623,0.321486935,10911262580662419107
< (byte output),real,10,16384,4096,21808035,0.324965045,10911262580662419107
< (byte output),real,11,16384,4096,21782670,0.324587077,10911262580662419107
< (byte output),fine,1,16384,4096,22012155,0.328006670,10911262580662419107
< (byte output),fine,2,16384,4096,22493280,0.335175991,10911262580662419107
< (byte output),fine,3,16384,4096,21958138,0.327201754,10911262580662419107
< (byte output),fine,4,16384,4096,22093471,0.329218373,10911262580662419107
< (byte output),fine,5,16384,4096,21889503,0.326179013,10911262580662419107
< (byte output),fine,6,16384,4096,21935701,0.326867417,10911262580662419107
< (byte output),fine,7,16384,4096,22612376,0.336950660,10911262580662419107
< (byte output),fine,8,16384,4096,21840529,0.325449243,10911262580662419107
< (byte output),fine,9,16384,4096,21893065,0.326232091,10911262580662419107
< (byte output),fine,10,16384,4096,21897344,0.326295853,10911262580662419107
< (byte output),fine,11,16384,4096,21837706,0.325407177,10911262580662419107
< (byte output),float,1,65536,4096,29131184,0.108522117,10911262580662419107
< (byte output),float,2,65536,4096,29150534,0.108594202,10911262580662419107
< (byte output),float,3,65536,4096,28962011,0.107891899,10911262580662419107
< (byte output),float,4,65536,4096,28955672,0.107868284,10911262580662419107
< (byte output),float,5,65536,4096,28880679,0.107588913,10911262580662419107
< (byte output),float,6,65536,4096,28914825,0.107716117,10911262580662419107
< (byte output),float,7,65536,4096,29127689,0.108509097,10911262580662419107
< (byte output),float,8,65536,4096,28878113,0.107579354,10911262580662419107
< (byte output),float,9,65536,4096,28890001,0.107623640,10911262580662419107
< (byte output),float,10,65536,4096,28770017,0.107176665,10911262580662419107
< (byte output),float,11,65536,4096,28854724,0.107492223,10911262580662419107
< (byte output),double,1,32768,4096,24086986,0.179462031,10911262580662419107
< (byte output),double,2,32768,4096,23943748,0.178394824,10911262580662419107
< (byte output),double,3,32768,4096,23901020,0.178076476,10911262580662419107
< (byte output),double,4,32768,4096,24593578,0.183236435,10911262580662419107
< (byte output),double,5,32768,4096,24149649,0.179928906,10911262580662419107
< (byte output),double,6,32768,4096,25757017,0.191904731,10911262580662419107
< (byte output),double,7,32768,4096,24071695,0.179348104,10911262580662419107
< (byte output),double,8,32768,4096,24078252,0.179396957,10911262580662419107
< (byte output),double,9,32768,4096,23912327,0.178160720,10911262580662419107
< (byte output),double,10,32768,4096,23777323,0.177154861,10911262580662419107
< (byte output),double,11,32768,4096,23938922,0.178358868,10911262580662419107
batch add (automatic),real,1,8192,4096,20362412,0.606847167,7689280502093494693
batch add (automatic),real,2,8192,4096,20352061,0.606538683,7689280502093494693
batch add (automatic),real,3,8192,4096,20398640,0.607926846,7689280502093494693
batch add (automatic),real,4,8192,4096,20452404,0.609529138,7689280502093494693
batch add (automatic),real,5,8192,4096,20298101,0.604930550,7689280502093494693
batch add (automatic),real,6,8192,4096,20408186,0.608211339,7689280502093494693
batch add (automatic),real,7,8192,4096,20606854,0.614132106,7689280502093494693
batch add (automatic),real,8,8192,4096,20556176,0.612621784,7689280502093494693
batch add (automatic),real,9,8192,4096,20346875,0.606384128,7689280502093494693
batch add (automatic),real,10,8192,4096,20679101,0.616285235,7689280502093494693
batch add (automatic),real,11,8192,4096,22760289,0.678309470,7689280502093494693
batch add (automatic),fine,1,16384,4096,33148451,0.493950412,16922978321988018981
batch add (automatic),fine,2,16384,4096,33024709,0.492106512,16922978321988018981
batch add (automatic),fine,3,16384,4096,33081640,0.492954850,16922978321988018981
batch add (automatic),fine,4,16384,4096,33016265,0.491980687,16922978321988018981
batch add (automatic),fine,5,16384,4096,33046813,0.492435887,16922978321988018981
batch add (automatic),fine,6,16384,4096,33060289,0.492636696,16922978321988018981
batch add (automatic),fine,7,16384,4096,33205640,0.494802594,16922978321988018981
batch add (automatic),fine,8,16384,4096,33051576,0.492506862,16922978321988018981
batch add (automatic),fine,9,16384,4096,32894397,0.490164712,16922978321988018981
batch add (automatic),fine,10,16384,4096,32771354,0.488331228,16922978321988018981
batch add (automatic),fine,11,16384,4096,33138984,0.493809342,16922978321988018981
batch add (automatic),float,1,131072,4096,39823488,0.074177027,573266431752489765
batch add (automatic),float,2,131072,4096,40006300,0.074517541,573266431752489765
batch add (automatic),float,3,131072,4096,45784294,0.085279893,573266431752489765
batch add (automatic),float,4,131072,4096,39893821,0.074308032,573266431752489765
batch add (automatic),float,5,131072,4096,39853311,0.074232576,573266431752489765
batch add (automatic),float,6,131072,4096,40102771,0.074697232,573266431752489765
batch add (automatic),float,7,131072,4096,39887169,0.074295642,573266431752489765
batch add (automatic),float,8,131072,4096,40071909,0.074639747,573266431752489765
batch add (automatic),float,9,131072,4096,40326202,0.075113405,573266431752489765
batch add (automatic),float,10,131072,4096,40245226,0.074962575,573266431752489765
batch add (automatic),float,11,131072,4096,40041631,0.074583350,573266431752489765
batch add (automatic),double,1,32768,4096,24487716,0.182447702,9176773101147087653
batch add (automatic),double,2,32768,4096,24563118,0.183009490,9176773101147087653
batch add (automatic),double,3,32768,4096,24489253,0.182459153,9176773101147087653
batch add (automatic),double,4,32768,4096,24690985,0.183962174,9176773101147087653
batch add (automatic),double,5,32768,4096,24486171,0.182436191,9176773101147087653
batch add (automatic),double,6,32768,4096,24594601,0.183244057,9176773101147087653
batch add (automatic),double,7,32768,4096,24880267,0.185372435,9176773101147087653
batch add (automatic),double,8,32768,4096,24586667,0.183184944,9176773101147087653
batch add (automatic),double,9,32768,4096,24829322,0.184992865,9176773101147087653
batch add (automatic),double,10,32768,4096,24416428,0.181916565,9176773101147087653
batch add (automatic),double,11,32768,4096,24847464,0.185128033,9176773101147087653
batch subtract (automatic),real,1,16384,4096,32360044,0.482202232,1804568153091188261
batch subtract (automatic),real,2,16384,4096,33155845,0.494060591,1804568153091188261
batch subtract (automatic),real,3,16384,4096,32466272,0.483785152,1804568153091188261
batch subtract (automatic),real,4,16384,4096,32456220,0.483635366,1804568153091188261
batch subtract (automatic),real,5,16384,4096,32242984,0.480457902,1804568153091188261
batch subtract (automatic),real,6,16384,4096,32411240,0.482965112,1804568153091188261
batch subtract (automatic),real,7,16384,4096,32650391,0.486528739,1804568153091188261
batch subtract (automatic),real,8,16384,4096,32318228,0.481579125,1804568153091188261
batch subtract (automatic),real,9,16384,4096,32348164,0.482025206,1804568153091188261
batch subtract (automatic),real,10,16384,4096,32557417,0.485143319,1804568153091188261
batch subtract (automatic),real,11,16384,4096,32450098,0.483544141,1804568153091188261
batch subtract (automatic),fine,1,16384,4096,32544551,0.484951600,12936006656188965669
batch subtract (automatic),fine,2,16384,4096,32425024,0.483170509,12936006656188965669
batch subtract (automatic),fine,3,16384,4096,32492866,0.484181434,12936006656188965669
batch subtract (automatic),fine,4,16384,4096,32406807,0.482899055,12936006656188965669
batch subtract (automatic),fine,5,16384,4096,32453696,0.483597755,12936006656188965669
batch subtract (automatic),fine,6,16384,4096,32324259,0.481668994,12936006656188965669
batch subtract (automatic),fine,7,16384,4096,32460321,0.483696476,12936006656188965669
batch subtract (automatic),fine,8,16384,4096,32278793,0.480991498,12936006656188965669
batch subtract (automatic),fine,9,16384,4096,32257787,0.480678484,12936006656188965669
batch subtract (automatic),fine,10,16384,4096,32556442,0.485128790,12936006656188965669
batch subtract (automatic),fine,11,16384,4096,33963533,0.506096080,12936006656188965669
batch subtract (automatic),float,1,131072,4096,39900795,0.074321022,13212642325216588581
batch subtract (automatic),float,2,131072,4096,39908734,0.074335810,13212642325216588581
batch subtract (automatic),float,3,131072,4096,39975779,0.074460691,13212642325216588581
batch subtract (automatic),float,4,131072,4096,39847281,0.074221345,13212642325216588581
batch subtract (automatic),float,5,131072,4096,39852194,0.074230496,13212642325216588581
batch subtract (automatic),float,6,131072,4096,42068254,0.078358229,13212642325216588581
batch subtract (automatic),float,7,131072,4096,39878899,0.074280238,13212642325216588581
batch subtract (automatic),float,8,131072,4096,39979557,0.074467728,13212642325216588581
batch subtract (automatic),float,9,131072,4096,39813452,0.074158333,13212642325216588581
batch subtract (automatic),float,10,131072,4096,39778600,0.074093416,13212642325216588581
batch subtract (automatic),float,11,131072,4096,39860552,0.074246064,13212642325216588581
batch subtract (automatic),double,1,32768,4096,24596637,0.183259226,11244055072482222885
batch subtract (automatic),double,2,32768,4096,24971373,0.186051227,11244055072482222885
batch subtract (automatic),double,3,32768,4096,24431931,0.182032071,11244055072482222885
batch subtract (automatic),double,4,32768,4096,24615311,0.183398359,11244055072482222885
batch subtract (automatic),double,5,32768,4096,24686111,0.183925860,11244055072482222885
batch subtract (automatic),double,6,32768,4096,24386009,0.181689925,11244055072482222885
batch subtract (automatic),double,7,32768,4096,24554377,0.182944365,11244055072482222885
batch subtract (automatic),double,8,32768,4096,24476712,0.182365716,11244055072482222885
batch subtract (automatic),double,9,32768,4096,24458424,0.182229459,11244055072482222885
batch subtract (automatic),double,10,32768,4096,24464457,0.182274409,11244055072482222885
batch subtract (automatic),double,11,32768,4096,24515770,0.182656720,11244055072482222885
abs,real,1,8192,4096,26133499,0.778838962,4694485624334019557
abs,real,2,8192,4096,26747933,0.797150522,4694485624334019557
abs,real,3,8192,4096,25754781,0.767552286,4694485624334019557
abs,real,4,8192,4096,26397426,0.786704600,4694485624334019557
abs,real,5,8192,4096,27088706,0.807306349,4694485624334019557
abs,real,6,8192,4096,26525986,0.790535986,4694485624334019557
abs,real,7,8192,4096,25745815,0.767285079,4694485624334019557
abs,real,8,8192,4096,26078597,0.777202755,4694485624334019557
abs,real,9,8192,4096,26645310,0.794092119,4694485624334019557
abs,real,10,8192,4096,27125001,0.808388025,4694485624334019557
abs,real,11,8192,4096,25700872,0.765945673,4694485624334019557
abs,fine,1,8192,4096,25996632,0.774760008,8325391916367307557
abs,fine,2,8192,4096,25835699,0.769963831,8325391916367307557
abs,fine,3,8192,4096,25948871,0.773336619,8325391916367307557
abs,fine,4,8192,4096,27319933,0.814197451,8325391916367307557
abs,fine,5,8192,4096,25993624,0.774670362,8325391916367307557
abs,fine,6,8192,4096,25657349,0.764648587,8325391916367307557
abs,fine,7,8192,4096,26329323,0.784674972,8325391916367307557
abs,fine,8,8192,4096,26784619,0.798243850,8325391916367307557
abs,fine,9,8192,4096,26488343,0.789414138,8325391916367307557
abs,fine,10,8192,4096,25887764,0.771515489,8325391916367307557
abs,fine,11,8192,4096,27017594,0.805187047,8325391916367307557
abs,float,1,131072,4096,32807526,0.061108779,13465330628413362981
abs,float,2,131072,4096,31285358,0.058273520,13465330628413362981
abs,float,3,131072,4096,31232829,0.058175677,13465330628413362981
abs,float,4,131072,4096,31169825,0.058058323,13465330628413362981
abs,float,5,131072,4096,31203645,0.058121318,13465330628413362981
abs,float,6,131072,4096,31456613,0.058592508,13465330628413362981
abs,float,7,131072,4096,31314683,0.058328142,13465330628413362981
abs,float,8,131072,4096,31349080,0.058392212,13465330628413362981
abs,float,9,131072,4096,31135330,0.057994071,13465330628413362981
abs,float,10,131072,4096,31168323,0.058055526,13465330628413362981
abs,float,11,131072,4096,36200804,0.067429252,13465330628413362981
abs,double,1,32768,4096,21522424,0.160354555,4454559775849145125
abs,double,2,32768,4096,21439909,0.159739770,4454559775849145125
abs,double,3,32768,4096,21480679,0.160043530,4454559775849145125
abs,double,4,32768,4096,21352031,0.159085028,4454559775849145125
abs,double,5,32768,4096,21314853,0.158808030,4454559775849145125
abs,double,6,32768,4096,21504726,0.160222694,4454559775849145125
abs,double,7,32768,4096,21419416,0.159587085,4454559775849145125
abs,double,8,32768,4096,21522444,0.160354704,4454559775849145125
abs,double,9,32768,4096,21379443,0.159289263,4454559775849145125
abs,double,10,32768,4096,21731905,0.161915310,4454559775849145125
abs,double,11,32768,4096,21394736,0.159403205,4454559775849145125
fmod,real,1,4096,4096,38261370,2.280555367,14606243953771862373
fmod,real,2,4096,4096,37711259,2.247766197,14606243953771862373
fmod,real,3,4096,4096,36706208,2.187860489,14606243953771862373
fmod,real,4,4096,4096,37478239,2.233877122,14606243953771862373
fmod,real,5,4096,4096,37489156,2.234527826,14606243953771862373
fmod,real,6,4096,4096,37648941,2.244051754,14606243953771862373
fmod,real,7,4096,4096,36711623,2.188183248,14606243953771862373
fmod,real,8,4096,4096,37334434,2.225305676,14606243953771862373
fmod,real,9,4096,4096,37564015,2.238989770,14606243953771862373
fmod,real,10,4096,4096,37966564,2.262983561,14606243953771862373
fmod,real,11,4096,4096,36900842,2.199461579,14606243953771862373
fmod,fine,1,4096,4096,37526115,2.236730754,1597490355035136805
fmod,fine,2,4096,4096,36646606,2.184307933,1597490355035136805
fmod,fine,3,4096,4096,36719426,2.188648343,1597490355035136805
fmod,fine,4,4096,4096,36730824,2.189327717,1597490355035136805
fmod,fine,5,4096,4096,36678574,2.186213374,1597490355035136805
fmod,fine,6,4096,4096,36662823,2.185274541,1597490355035136805
fmod,fine,7,4096,4096,36684125,2.186544240,1597490355035136805
fmod,fine,8,4096,4096,36699253,2.187445939,1597490355035136805
fmod,fine,9,4096,4096,36765989,2.191423714,1597490355035136805
fmod,fine,10,4096,4096,36434407,2.171659887,1597490355035136805
fmod,fine,11,4096,4096,36770602,2.191698670,1597490355035136805
fmod,float,1,1024,4096,28653803,6.831598997,14220141713988885285
fmod,float,2,1024,4096,27913022,6.654983044,14220141713988885285
fmod,float,3,1024,4096,28026697,6.682085276,14220141713988885285
fmod,float,4,1024,4096,27950374,6.663888454,14220141713988885285
fmod,float,5,1024,4096,28057839,6.689510107,14220141713988885285
fmod,float,6,1024,4096,27891464,6.649843216,14220141713988885285
fmod,float,7,1024,4096,28094033,6.698139429,14220141713988885285
fmod,float,8,1024,4096,28035709,6.684233904,14220141713988885285
fmod,float,9,1024,4096,28159511,6.713750601,14220141713988885285
fmod,float,10,1024,4096,28374227,6.764942884,14220141713988885285
fmod,float,11,1024,4096,28149637,6.711396456,14220141713988885285
fmod,double,1,1024,4096,28087631,6.696613073,7400845218498175781
fmod,double,2,1024,4096,27979184,6.670757294,7400845218498175781
fmod,double,3,1024,4096,28001795,6.676148176,7400845218498175781
fmod,double,4,1024,4096,28022940,6.681189537,7400845218498175781
fmod,double,5,1024,4096,29735586,7.089516163,7400845218498175781
fmod,double,6,1024,4096,27995815,6.674722433,7400845218498175781
fmod,double,7,1024,4096,28067210,6.691744328,7400845218498175781
fmod,double,8,1024,4096,27988310,6.672933102,7400845218498175781
fmod,double,9,1024,4096,28050104,6.687665939,7400845218498175781
fmod,double,10,1024,4096,28162983,6.714578390,7400845218498175781
fmod,double,11,1024,4096,28112503,6.702543020,7400845218498175781
remainder,real,1,4096,4096,37946452,2.261784792,4110879129845411621
remainder,real,2,4096,4096,38013862,2.265802741,4110879129845411621
remainder,real,3,4096,4096,37839491,2.255409420,4110879129845411621
remainder,real,4,4096,4096,37922574,2.260361552,4110879129845411621
remainder,real,5,4096,4096,38112755,2.271697223,4110879129845411621
remainder,real,6,4096,4096,37894584,2.258693218,4110879129845411621
remainder,real,7,4096,4096,37756787,2.250479877,4110879129845411621
remainder,real,8,4096,4096,38051639,2.268054426,4110879129845411621
remainder,real,9,4096,4096,37877769,2.257690966,4110879129845411621
remainder,real,10,4096,4096,37900795,2.259063423,4110879129845411621
remainder,real,11,4096,4096,37555531,2.238484085,4110879129845411621
remainder,fine,1,4096,4096,38046137,2.267726481,2887173914268230437
remainder,fine,2,4096,4096,37542417,2.237702429,2887173914268230437
remainder,fine,3,4096,4096,38331338,2.284725785,2887173914268230437
remainder,fine,4,4096,4096,38273190,2.281259894,2887173914268230437
remainder,fine,5,4096,4096,37985677,2.264122784,2887173914268230437
remainder,fine,6,4096,4096,37585479,2.240269125,2887173914268230437
remainder,fine,7,4096,4096,38069636,2.269127131,2887173914268230437
remainder,fine,8,4096,4096,37919377,2.260170996,2887173914268230437
remainder,fine,9,4096,4096,38129243,2.272679985,2887173914268230437
remainder,fine,10,4096,4096,37465277,2.233104527,2887173914268230437
remainder,fine,11,4096,4096,37999004,2.264917135,2887173914268230437
remainder,float,1,512,4096,28481730,13.581147194,5727387368422253349
remainder,float,2,512,4096,28542683,13.610211849,5727387368422253349
remainder,float,3,512,4096,28476412,13.578611374,5727387368422253349
remainder,float,4,512,4096,28541564,13.609678268,5727387368422253349
remainder,float,5,512,4096,28690924,13.680898666,5727387368422253349
remainder,float,6,512,4096,28523321,13.600979328,5727387368422253349
remainder,float,7,512,4096,28458541,13.570089817,5727387368422253349
remainder,float,8,512,4096,28852035,13.757722378,5727387368422253349
remainder,float,9,512,4096,28854125,13.758718967,5727387368422253349
remainder,float,10,512,4096,28774364,13.720685959,5727387368422253349
remainder,float,11,512,4096,28866236,13.764493942,5727387368422253349
remainder,double,1,512,4096,28459467,13.570531368,9809838911071675173
remainder,double,2,512,4096,28430263,13.556605816,9809838911071675173
remainder,double,3,512,4096,28441649,13.562035084,9809838911071675173
remainder,double,4,512,4096,28604846,13.639853477,9809838911071675173
remainder,double,5,512,4096,28467866,13.574536324,9809838911071675173
remainder,double,6,512,4096,28395763,13.540154934,9809838911071675173
remainder,double,7,512,4096,28424091,13.553662777,9809838911071675173
remainder,double,8,512,4096,30717282,14.647141457,9809838911071675173
remainder,double,9,512,4096,28576546,13.626358986,9809838911071675173
remainder,double,10,512,4096,28319867,13.503964901,9809838911071675173
remainder,double,11,512,4096,28302176,13.495529175,9809838911071675173
copysign,real,1,8192,4096,20196515,0.601903051,7235010887673358437
copysign,real,2,8192,4096,20404334,0.608096540,7235010887673358437
copysign,real,3,8192,4096,20286492,0.604584575,7235010887673358437
copysign,real,4,8192,4096,20209636,0.602294087,7235010887673358437
copysign,real,5,8192,4096,20287032,0.604600668,7235010887673358437
copysign,real,6,8192,4096,20156165,0.600700527,7235010887673358437
copysign,real,7,8192,4096,20272303,0.604161710,7235010887673358437
copysign,real,8,8192,4096,20293221,0.604785115,7235010887673358437
copysign,real,9,8192,4096,20067288,0.598051786,7235010887673358437
copysign,real,10,8192,4096,20133990,0.600039661,7235010887673358437
copysign,real,11,8192,4096,20154896,0.600662708,7235010887673358437
copysign,fine,1,8192,4096,20124206,0.599748075,9835185913103868709
copysign,fine,2,8192,4096,20213993,0.602423936,9835185913103868709
copysign,fine,3,8192,4096,20738217,0.618047029,9835185913103868709
copysign,fine,4,8192,4096,20203588,0.602113843,9835185913103868709
copysign,fine,5,8192,4096,20127407,0.599843472,9835185913103868709
copysign,fine,6,8192,4096,20277932,0.604329467,9835185913103868709
copysign,fine,7,8192,4096,20081173,0.598465592,9835185913103868709
copysign,fine,8,8192,4096,20089178,0.598704159,9835185913103868709
copysign,fine,9,8192,4096,19951749,0.594608456,9835185913103868709
copysign,fine,10,8192,4096,20182935,0.601498336,9835185913103868709
copysign,fine,11,8192,4096,20068875,0.598099083,9835185913103868709
copysign,float,1,65536,4096,26562311,0.098952319,962910936925213477
copysign,float,2,65536,4096,26668373,0.099347431,962910936925213477
copysign,float,3,65536,4096,26610465,0.099131707,962910936925213477
copysign,float,4,65536,4096,26508943,0.098753508,962910936925213477
copysign,float,5,65536,4096,26674069,0.099368650,962910936925213477
copysign,float,6,65536,4096,26613186,0.099141844,962910936925213477
copysign,float,7,65536,4096,26518286,0.098788314,962910936925213477
copysign,float,8,65536,4096,26434224,0.098475158,962910936925213477
copysign,float,9,65536,4096,26384237,0.098288942,962910936925213477
copysign,float,10,65536,4096,26439367,0.098494317,962910936925213477
copysign,float,11,65536,4096,26337129,0.098113451,962910936925213477
copysign,double,1,32768,4096,28990126,0.215993270,4454559775849145125
copysign,double,2,32768,4096,29283892,0.218181998,4454559775849145125
copysign,double,3,32768,4096,29116398,0.216934070,4454559775849145125
copysign,double,4,32768,4096,33275184,0.247919440,4454559775849145125
copysign,double,5,32768,4096,29200589,0.217561342,4454559775849145125
copysign,double,6,32768,4096,29095178,0.216775969,4454559775849145125
copysign,double,7,32768,4096,29023814,0.216244265,4454559775849145125
copysign,double,8,32768,4096,28938236,0.215606660,4454559775849145125
copysign,double,9,32768,4096,29073069,0.216611244,4454559775849145125
copysign,double,10,32768,4096,28847657,0.214931794,4454559775849145125
copysign,double,11,32768,4096,28821560,0.214737356,4454559775849145125
floor,real,1,8192,4096,27638808,0.823700666,13766149973872239397
floor,real,2,8192,4096,25731691,0.766864151,13766149973872239397
floor,real,3,8192,4096,25692984,0.765710592,13766149973872239397
floor,real,4,8192,4096,26310681,0.784119397,13766149973872239397
floor,real,5,8192,4096,25549933,0.761447340,13766149973872239397
floor,real,6,8192,4096,25620017,0.763536006,13766149973872239397
floor,real,7,8192,4096,25876507,0.771180004,13766149973872239397
floor,real,8,8192,4096,25669910,0.765022933,13766149973872239397
floor,real,9,8192,4096,25564081,0.761868984,13766149973872239397
floor,real,10,8192,4096,26505697,0.789931327,13766149973872239397
floor,real,11,8192,4096,30504454,0.909103572,13766149973872239397
floor,fine,1,8192,4096,26172467,0.780000299,11938247746021712677
floor,fine,2,8192,4096,25619023,0.763506383,11938247746021712677
floor,fine,3,8192,4096,26013907,0.775274843,11938247746021712677
floor,fine,4,8192,4096,25907584,0.772106171,11938247746021712677
floor,fine,5,8192,4096,25968044,0.773908019,11938247746021712677
floor,fine,6,8192,4096,25566109,0.761929423,11938247746021712677
floor,fine,7,8192,4096,25995337,0.774721414,11938247746021712677
floor,fine,8,8192,4096,26298462,0.783755243,11938247746021712677
floor,fine,9,8192,4096,26341542,0.785039127,11938247746021712677
floor,fine,10,8192,4096,27438926,0.817743719,11938247746021712677
floor,fine,11,8192,4096,26884602,0.801223576,11938247746021712677
floor,float,1,8192,4096,30446031,0.907362431,18164828711694328613
floor,float,2,8192,4096,30490481,0.908687145,18164828711694328613
floor,float,3,8192,4096,30477955,0.908313841,18164828711694328613
floor,float,4,8192,4096,30440417,0.907195121,18164828711694328613
floor,float,5,8192,4096,30490517,0.908688217,18164828711694328613
floor,float,6,8192,4096,30445294,0.907340467,18164828711694328613
floor,float,7,8192,4096,30343399,0.904303759,18164828711694328613
floor,float,8,8192,4096,30445328,0.907341480,18164828711694328613
floor,float,9,8192,4096,30480869,0.908400685,18164828711694328613
floor,float,10,8192,4096,30203512,0.900134802,18164828711694328613
floor,float,11,8192,4096,30544904,0.910309076,18164828711694328613
floor,double,1,8192,4096,30419031,0.906557769,2755653782237569829
floor,double,2,8192,4096,30393590,0.905799568,2755653782237569829
floor,double,3,8192,4096,30335437,0.904066473,2755653782237569829
floor,double,4,8192,4096,30700317,0.914940745,2755653782237569829
floor,double,5,8192,4096,30445213,0.907338053,2755653782237569829
floor,double,6,8192,4096,30385082,0.905546010,2755653782237569829
floor,double,7,8192,4096,30391543,0.905738562,2755653782237569829
floor,double,8,8192,4096,30579980,0.911354423,2755653782237569829
floor,double,9,8192,4096,30343953,0.904320270,2755653782237569829
floor,double,10,8192,4096,30741516,0.916168571,2755653782237569829
floor,double,11,8192,4096,30516125,0.909451395,2755653782237569829
ceil,real,1,8192,4096,29103714,0.867358267,14652038566074147621
ceil,real,2,8192,4096,28919601,0.861871272,14652038566074147621
ceil,real,3,8192,4096,28981463,0.863714904,14652038566074147621
ceil,real,4,8192,4096,29373268,0.875391603,14652038566074147621
ceil,real,5,8192,4096,29069288,0.866332293,14652038566074147621
ceil,real,6,8192,4096,29185654,0.869800270,14652038566074147621
ceil,real,7,8192,4096,29081112,0.866684675,14652038566074147621
ceil,real,8,8192,4096,29290687,0.872930497,14652038566074147621
ceil,real,9,8192,4096,29580525,0.881568342,14652038566074147621
ceil,real,10,8192,4096,29187957,0.869868904,14652038566074147621
ceil,real,11,8192,4096,29074051,0.866474241,14652038566074147621
ceil,fine,1,8192,4096,30093322,0.896850884,3469447088788169509
ceil,fine,2,8192,4096,29720715,0.885746330,3469447088788169509
ceil,fine,3,8192,4096,30131047,0.897975177,3469447088788169509
ceil,fine,4,8192,4096,29646815,0.883543938,3469447088788169509
ceil,fine,5,8192,4096,29868883,0.890162081,3469447088788169509
ceil,fine,6,8192,4096,29419053,0.876756102,3469447088788169509
ceil,fine,7,8192,4096,29843092,0.889393449,3469447088788169509
ceil,fine,8,8192,4096,29961373,0.892918497,3469447088788169509
ceil,fine,9,8192,4096,30192319,0.899801224,3469447088788169509
ceil,fine,10,8192,4096,29741224,0.886357546,3469447088788169509
ceil,fine,11,8192,4096,29823119,0.888798207,3469447088788169509
ceil,float,1,8192,4096,29844321,0.889430076,8335660813861479205
ceil,float,2,8192,4096,29491259,0.878908008,8335660813861479205
ceil,float,3,8192,4096,29642511,0.883415669,8335660813861479205
ceil,float,4,8192,4096,29603177,0.882243425,8335660813861479205
ceil,float,5,8192,4096,31337837,0.933940321,8335660813861479205
ceil,float,6,8192,4096,29524797,0.879907519,8335660813861479205
ceil,float,7,8192,4096,29532727,0.880143851,8335660813861479205
ceil,float,8,8192,4096,29496964,0.879078031,8335660813861479205
ceil,float,9,8192,4096,29492660,0.878949761,8335660813861479205
ceil,float,10,8192,4096,29484558,0.878708303,8335660813861479205
ceil,float,11,8192,4096,29446695,0.877579898,8335660813861479205
ceil,double,1,8192,4096,29746625,0.886518508,4656172824987919141
ceil,double,2,8192,4096,29687023,0.884742230,4656172824987919141
ceil,double,3,8192,4096,29739216,0.886297703,4656172824987919141
ceil,double,4,8192,4096,29903475,0.891193002,4656172824987919141
ceil,double,5,8192,4096,29635228,0.883198619,4656172824987919141
ceil,double,6,8192,4096,31460389,0.937592655,4656172824987919141
ceil,double,7,8192,4096,29605541,0.882313877,4656172824987919141
ceil,double,8,8192,4096,29703965,0.885247141,4656172824987919141
ceil,double,9,8192,4096,29704551,0.885264605,4656172824987919141
ceil,double,10,8192,4096,29731181,0.886058241,4656172824987919141
ceil,double,11,8192,4096,29722544,0.885800838,4656172824987919141
trunc,real,1,8192,4096,27126570,0.808434784,5751566574204117797
trunc,real,2,8192,4096,27249921,0.812110931,5751566574204117797
trunc,real,3,8192,4096,26995880,0.804539919,5751566574204117797
trunc,real,4,8192,4096,26883846,0.801201046,5751566574204117797
trunc,real,5,8192,4096,26846418,0.800085604,5751566574204117797
trunc,real,6,8192,4096,26957306,0.803390324,5751566574204117797
trunc,real,7,8192,4096,26866797,0.800692946,5751566574204117797
trunc,real,8,8192,4096,26506404,0.789952397,5751566574204117797
trunc,real,9,8192,4096,26393839,0.786597699,5751566574204117797
trunc,real,10,8192,4096,27591539,0.822291940,5751566574204117797
trunc,real,11,8192,4096,26605477,0.792905003,5751566574204117797
trunc,fine,1,8192,4096,29303328,0.873307228,9269834738824864549
trunc,fine,2,8192,4096,23244004,0.692725301,9269834738824864549
trunc,fine,3,8192,4096,23326756,0.695191503,9269834738824864549
trunc,fine,4,8192,4096,23280715,0.693819374,9269834738824864549
trunc,fine,5,8192,4096,23189574,0.691103160,9269834738824864549
trunc,fine,6,8192,4096,23181266,0.690855563,9269834738824864549
trunc,fine,7,8192,4096,23400570,0.697391331,9269834738824864549
trunc,fine,8,8192,4096,22903212,0.682568908,9269834738824864549
trunc,fine,9,8192,4096,23048272,0.686892033,9269834738824864549
trunc,fine,10,8192,4096,22835675,0.680556148,9269834738824864549
trunc,fine,11,8192,4096,23079919,0.687835187,9269834738824864549
trunc,float,1,8192,4096,21212965,0.632195622,4763477028953088805
trunc,float,2,8192,4096,21251979,0.633358330,4763477028953088805
trunc,float,3,8192,4096,21282802,0.634276927,4763477028953088805
trunc,float,4,8192,4096,21348506,0.636235058,4763477028953088805
trunc,float,5,8192,4096,21268955,0.633864254,4763477028953088805
trunc,float,6,8192,4096,21378895,0.637140721,4763477028953088805
trunc,float,7,8192,4096,21300297,0.634798318,4763477028953088805
trunc,float,8,8192,4096,21443470,0.639065206,4763477028953088805
trunc,float,9,8192,4096,21715620,0.647175908,4763477028953088805
trunc,float,10,8192,4096,21411568,0.638114452,4763477028953088805
trunc,float,11,8192,4096,21349275,0.636257976,4763477028953088805
trunc,double,1,8192,4096,21456554,0.639455140,17877615431040852773
trunc,double,2,8192,4096,21436534,0.638858497,17877615431040852773
trunc,double,3,8192,4096,21379017,0.637144357,17877615431040852773
trunc,double,4,8192,4096,21542261,0.642009407,17877615431040852773
trunc,double,5,8192,4096,21452305,0.639328510,17877615431040852773
trunc,double,6,8192,4096,21462340,0.639627576,17877615431040852773
trunc,double,7,8192,4096,21517555,0.641273111,17877615431040852773
trunc,double,8,8192,4096,21526520,0.641540289,17877615431040852773
trunc,double,9,8192,4096,21869210,0.651753247,17877615431040852773
trunc,double,10,8192,4096,21437839,0.638897389,17877615431040852773
trunc,double,11,8192,4096,21537468,0.641866565,17877615431040852773
round,real,1,8192,4096,36630924,1.091686606,5547523884599239461
round,real,2,8192,4096,35427797,1.055830628,5547523884599239461
round,real,3,8192,4096,25345626,0.755358517,5547523884599239461
round,real,4,8192,4096,29572162,0.881319106,5547523884599239461
round,real,5,8192,4096,29839341,0.889281660,5547523884599239461
round,real,6,8192,4096,39148692,1.166721940,5547523884599239461
round,real,7,8192,4096,25053262,0.746645391,5547523884599239461
round,real,8,8192,4096,32410806,0.965917289,5547523884599239461
round,real,9,8192,4096,30047905,0.895497352,5547523884599239461
round,real,10,8192,4096,37923304,1.130202532,5547523884599239461
round,real,11,8192,4096,25880363,0.771294922,5547523884599239461
round,fine,1,8192,4096,25426886,0.757780254,10555831200893330213
round,fine,2,8192,4096,24908678,0.742336452,10555831200893330213
round,fine,3,8192,4096,25123209,0.748729974,10555831200893330213
round,fine,4,8192,4096,25162283,0.749894470,10555831200893330213
round,fine,5,8192,4096,25151351,0.749568671,10555831200893330213
round,fine,6,8192,4096,24903937,0.742195159,10555831200893330213
round,fine,7,8192,4096,25176117,0.750306755,10555831200893330213
round,fine,8,8192,4096,24985758,0.744633615,10555831200893330213
round,fine,9,8192,4096,25174769,0.750266582,10555831200893330213
round,fine,10,8192,4096,25008820,0.745320916,10555831200893330213
round,fine,11,8192,4096,25077681,0.747373134,10555831200893330213
round,float,1,4096,4096,37683147,2.246090591,18179313732421378853
round,float,2,4096,4096,37765299,2.250987232,18179313732421378853
round,float,3,4096,4096,37471336,2.233465672,18179313732421378853
round,float,4,4096,4096,37361945,2.226945460,18179313732421378853
round,float,5,4096,4096,37876591,2.257620752,18179313732421378853
round,float,6,4096,4096,37174969,2.215800822,18179313732421378853
round,float,7,4096,4096,37437572,2.231453180,18179313732421378853
round,float,8,4096,4096,37655996,2.244472265,18179313732421378853
round,float,9,4096,4096,37752502,2.250224471,18179313732421378853
round,float,10,4096,4096,37684932,2.246196985,18179313732421378853
round,float,11,4096,4096,37371913,2.227539599,18179313732421378853
round,double,1,4096,4096,36869801,2.197611392,14908617376696853285
round,double,2,4096,4096,36612562,2.182278752,14908617376696853285
round,double,3,4096,4096,36155089,2.155011237,14908617376696853285
round,double,4,4096,4096,36208481,2.158193648,14908617376696853285
round,double,5,4096,4096,35918777,2.140925944,14908617376696853285
round,double,6,4096,4096,36844504,2.196103573,14908617376696853285
round,double,7,4096,4096,36093015,2.151311338,14908617376696853285
round,double,8,4096,4096,36441915,2.172107399,14908617376696853285
round,double,9,4096,4096,35893008,2.139389992,14908617376696853285
round,double,10,4096,4096,36617219,2.182556331,14908617376696853285
round,double,11,4096,4096,36595884,2.181284666,14908617376696853285
nearbyint,real,1,4096,4096,30694756,1.829550028,15403421986004034341
nearbyint,real,2,4096,4096,29876528,1.780779839,15403421986004034341
nearbyint,real,3,4096,4096,28220883,1.682095706,15403421986004034341
nearbyint,real,4,4096,4096,29085782,1.733647704,15403421986004034341
nearbyint,real,5,4096,4096,31378196,1.870286226,15403421986004034341
nearbyint,real,6,4096,4096,30982316,1.846689939,15403421986004034341
nearbyint,real,7,4096,4096,29349888,1.749389648,15403421986004034341
nearbyint,real,8,4096,4096,29168839,1.738598287,15403421986004034341
nearbyint,real,9,4096,4096,35432612,2.111948252,15403421986004034341
nearbyint,real,10,4096,4096,31841683,1.897912204,15403421986004034341
nearbyint,real,11,4096,4096,29109058,1.735035062,15403421986004034341
nearbyint,fine,1,4096,4096,26482074,1.578454614,13696444045167649573
nearbyint,fine,2,4096,4096,26367050,1.571598649,13696444045167649573
nearbyint,fine,3,4096,4096,26325117,1.569099247,13696444045167649573
nearbyint,fine,4,4096,4096,26192979,1.561223209,13696444045167649573
nearbyint,fine,5,4096,4096,26278306,1.566309094,13696444045167649573
nearbyint,fine,6,4096,4096,26261616,1.565314293,13696444045167649573
nearbyint,fine,7,4096,4096,26123684,1.557092905,13696444045167649573
nearbyint,fine,8,4096,4096,26154817,1.558948576,13696444045167649573
nearbyint,fine,9,4096,4096,25985192,1.548838139,13696444045167649573
nearbyint,fine,10,4096,4096,25824432,1.539256096,13696444045167649573
nearbyint,fine,11,4096,4096,26264089,1.565461695,13696444045167649573
nearbyint,float,1,16384,4096,39826709,0.593464211,1546341886493156133
nearbyint,float,2,16384,4096,38262448,0.570154905,1546341886493156133
nearbyint,float,3,16384,4096,38573481,0.574789658,1546341886493156133
nearbyint,float,4,16384,4096,38531890,0.574169904,1546341886493156133
nearbyint,float,5,16384,4096,38746828,0.577372730,1546341886493156133
nearbyint,float,6,16384,4096,38529705,0.574137345,1546341886493156133
nearbyint,float,7,16384,4096,38376730,0.571857840,1546341886493156133
nearbyint,float,8,16384,4096,38543973,0.574349955,1546341886493156133
nearbyint,float,9,16384,4096,38626105,0.575573817,1546341886493156133
nearbyint,float,10,16384,4096,38725579,0.577056095,1546341886493156133
nearbyint,float,11,16384,4096,38470514,0.573255330,1546341886493156133
nearbyint,double,1,16384,4096,38859590,0.579053015,4747370717442171685
nearbyint,double,2,16384,4096,38715880,0.576911569,4747370717442171685
nearbyint,double,3,16384,4096,38725356,0.577052772,4747370717442171685
nearbyint,double,4,16384,4096,38806591,0.578263268,4747370717442171685
nearbyint,double,5,16384,4096,38917001,0.579908505,4747370717442171685
nearbyint,double,6,16384,4096,38959062,0.580535263,4747370717442171685
nearbyint,double,7,16384,4096,38772330,0.577752739,4747370717442171685
nearbyint,double,8,16384,4096,38838823,0.578743562,4747370717442171685
nearbyint,double,9,16384,4096,38914924,0.579877555,4747370717442171685
nearbyint,double,10,16384,4096,38704809,0.576746598,4747370717442171685
nearbyint,double,11,16384,4096,38818874,0.578446299,4747370717442171685
sin,real,1,32,4096,21598327,164.782157898,5078351795184565764
sin,real,2,32,4096,21517564,164.165985107,5078351795184565764
sin,real,3,32,4096,21541739,164.350425720,5078351795184565764
sin,real,4,32,4096,21470056,163.803527832,5078351795184565764
sin,real,5,32,4096,23444028,178.863739014,5078351795184565764
sin,real,6,32,4096,21577368,164.622253418,5078351795184565764
sin,real,7,32,4096,21586555,164.692344666,5078351795184565764
sin,real,8,32,4096,21603170,164.819107056,5078351795184565764
sin,real,9,32,4096,21739117,165.856300354,5078351795184565764
sin,real,10,32,4096,21554372,164.446807861,5078351795184565764
sin,real,11,32,4096,21514996,164.146392822,5078351795184565764
sin,fine,1,32,4096,21402658,163.289321899,7642806596109402613
sin,fine,2,32,4096,21479733,163.877357483,7642806596109402613
sin,fine,3,32,4096,21423652,163.449493408,7642806596109402613
sin,fine,4,32,4096,21329938,162.734512329,7642806596109402613
sin,fine,5,32,4096,21375411,163.081443787,7642806596109402613
sin,fine,6,32,4096,21498575,164.021110535,7642806596109402613
sin,fine,7,32,4096,21469615,163.800163269,7642806596109402613
sin,fine,8,32,4096,21412214,163.362228394,7642806596109402613
sin,fine,9,32,4096,21407183,163.323844910,7642806596109402613
sin,fine,10,32,4096,21522846,164.206283569,7642806596109402613
sin,fine,11,32,4096,21427609,163.479682922,7642806596109402613
sin,float,1,2048,4096,30279063,3.609545588,7173808802543493954
sin,float,2,2048,4096,30035489,3.580509305,7173808802543493954
sin,float,3,2048,4096,29754306,3.546989679,7173808802543493954
sin,float,4,2048,4096,31073777,3.704282880,7173808802543493954
sin,float,5,2048,4096,28853660,3.439624310,7173808802543493954
sin,float,6,2048,4096,29901869,3.564580560,7173808802543493954
sin,float,7,2048,4096,29642509,3.533662438,7173808802543493954
sin,float,8,2048,4096,29008078,3.458032370,7173808802543493954
sin,float,9,2048,4096,28558592,3.404449463,7173808802543493954
sin,float,10,2048,4096,30635551,3.652042270,7173808802543493954
sin,float,11,2048,4096,29825158,3.555435896,7173808802543493954
sin,double,1,1024,4096,27492464,6.554714203,7626762091566194055
sin,double,2,1024,4096,27539608,6.565954208,7626762091566194055
sin,double,3,1024,4096,27321612,6.513979912,7626762091566194055
sin,double,4,1024,4096,26761101,6.380343676,7626762091566194055
sin,double,5,1024,4096,27950525,6.663924456,7626762091566194055
sin,double,6,1024,4096,27264470,6.500356197,7626762091566194055
sin,double,7,1024,4096,27445399,6.543493032,7626762091566194055
sin,double,8,1024,4096,26674400,6.359672546,7626762091566194055
sin,double,9,1024,4096,27621352,6.585443497,7626762091566194055
sin,double,10,1024,4096,27948633,6.663473368,7626762091566194055
sin,double,11,1024,4096,27196944,6.484256744,7626762091566194055
cos,real,1,32,4096,21589014,164.711105347,13701068158948670661
cos,real,2,32,4096,21599749,164.793006897,13701068158948670661
cos,real,3,32,4096,21785311,166.208732605,13701068158948670661
cos,real,4,32,4096,21773544,166.118957520,13701068158948670661
cos,real,5,32,4096,21709468,165.630096436,13701068158948670661
cos,real,6,32,4096,21684103,165.436576843,13701068158948670661
cos,real,7,32,4096,21653210,165.200881958,13701068158948670661
cos,real,8,32,4096,21635963,165.069297791,13701068158948670661
cos,real,9,32,4096,21587440,164.699096680,13701068158948670661
cos,real,10,32,4096,23428854,178.747970581,13701068158948670661
cos,real,11,32,4096,21976432,167.666870117,13701068158948670661
cos,fine,1,32,4096,21349638,162.884811401,15965504357932847051
cos,fine,2,32,4096,21552487,164.432426453,15965504357932847051
cos,fine,3,32,4096,21613341,164.896705627,15965504357932847051
cos,fine,4,32,4096,21453364,163.676177979,15965504357932847051
cos,fine,5,32,4096,21451454,163.661605835,15965504357932847051
cos,fine,6,32,4096,21639118,165.093368530,15965504357932847051
cos,fine,7,32,4096,21550041,164.413764954,15965504357932847051
cos,fine,8,32,4096,21350564,162.891876221,15965504357932847051
cos,fine,9,32,4096,21404835,163.305931091,15965504357932847051
cos,fine,10,32,4096,21656794,165.228225708,15965504357932847051
cos,fine,11,32,4096,21983628,167.721771240,15965504357932847051
cos,float,1,2048,4096,32249123,3.844395041,12906496014909396534
cos,float,2,2048,4096,32062972,3.822204113,12906496014909396534
cos,float,3,2048,4096,30409238,3.625063658,12906496014909396534
cos,float,4,2048,4096,33277785,3.967021108,12906496014909396534
cos,float,5,2048,4096,32436410,3.866721392,12906496014909396534
cos,float,6,2048,4096,32101752,3.826827049,12906496014909396534
cos,float,7,2048,4096,32740818,3.903009653,12906496014909396534
cos,float,8,2048,4096,32922934,3.924719572,12906496014909396534
cos,float,9,2048,4096,30311502,3.613412619,12906496014909396534
cos,float,10,2048,4096,32056579,3.821442008,12906496014909396534
cos,float,11,2048,4096,32334777,3.854605794,12906496014909396534
cos,double,1,1024,4096,37249266,8.880917072,5769367438516802682
cos,double,2,1024,4096,35057705,8.358408213,5769367438516802682
cos,double,3,1024,4096,35821926,8.540612698,5769367438516802682
cos,double,4,1024,4096,32894935,7.842763662,5769367438516802682
cos,double,5,1024,4096,35024299,8.350443602,5769367438516802682
cos,double,6,1024,4096,35616447,8.491622686,5769367438516802682
cos,double,7,1024,4096,33866145,8.074318171,5769367438516802682
cos,double,8,1024,4096,32450031,7.736690283,5769367438516802682
cos,double,9,1024,4096,34124727,8.135968924,5769367438516802682
cos,double,10,1024,4096,35843499,8.545756102,5769367438516802682
cos,double,11,1024,4096,37750481,9.000416040,5769367438516802682
tan,real,1,64,4096,35872215,136.841640472,13674155536555796914
tan,real,2,64,4096,35965314,137.196784973,13674155536555796914
tan,real,3,64,4096,35781841,136.496891022,13674155536555796914
tan,real,4,64,4096,35959679,137.175289154,13674155536555796914
tan,real,5,64,4096,35544703,135.592281342,13674155536555796914
tan,real,6,64,4096,35717251,136.250499725,13674155536555796914
tan,real,7,64,4096,35877684,136.862503052,13674155536555796914
tan,real,8,64,4096,36003673,137.343112946,13674155536555796914
tan,real,9,64,4096,35342583,134.821254730,13674155536555796914
tan,real,10,64,4096,35904949,136.966510773,13674155536555796914
tan,real,11,64,4096,35742847,136.348140717,13674155536555796914
tan,fine,1,64,4096,35838555,136.713237762,13328586287466060863
tan,fine,2,64,4096,36641692,139.776962280,13328586287466060863
tan,fine,3,64,4096,35796512,136.552856445,13328586287466060863
tan,fine,4,64,4096,35756328,136.399566650,13328586287466060863
tan,fine,5,64,4096,35892085,136.917438507,13328586287466060863
tan,fine,6,64,4096,41220488,157.243682861,13328586287466060863
tan,fine,7,64,4096,35669227,136.067302704,13328586287466060863
tan,fine,8,64,4096,35651063,135.998012543,13328586287466060863
tan,fine,9,64,4096,35783213,136.502124786,13328586287466060863
tan,fine,10,64,4096,36211176,138.134674072,13328586287466060863
tan,fine,11,64,4096,35685263,136.128475189,13328586287466060863
tan,float,1,1024,4096,28854700,6.879496574,12609425415310178382
tan,float,2,1024,4096,28956795,6.903837919,12609425415310178382
tan,float,3,1024,4096,28880437,6.885632753,12609425415310178382
tan,float,4,1024,4096,29289746,6.983219624,12609425415310178382
tan,float,5,1024,4096,28460047,6.785403967,12609425415310178382
tan,float,6,1024,4096,28697602,6.842041492,12609425415310178382
tan,float,7,1024,4096,28871895,6.883596182,12609425415310178382
tan,float,8,1024,4096,28980749,6.909548998,12609425415310178382
tan,float,9,1024,4096,28703456,6.843437195,12609425415310178382
tan,float,10,1024,4096,29360485,7.000085115,12609425415310178382
tan,float,11,1024,4096,29110744,6.940542221,12609425415310178382
tan,double,1,1024,4096,23922855,5.703653097,4262303865134918384
tan,double,2,1024,4096,24933883,5.944700956,4262303865134918384
tan,double,3,1024,4096,24405940,5.818829536,4262303865134918384
tan,double,4,1024,4096,23465946,5.594717503,4262303865134918384
tan,double,5,1024,4096,24560846,5.855762005,4262303865134918384
tan,double,6,1024,4096,24150391,5.757901907,4262303865134918384
tan,double,7,1024,4096,24254063,5.782619238,4262303865134918384
tan,double,8,1024,4096,23537887,5.611869574,4262303865134918384
tan,double,9,1024,4096,24797601,5.912208796,4262303865134918384
tan,double,10,1024,4096,23665128,5.642206192,4262303865134918384
tan,double,11,1024,4096,24624067,5.870835066,4262303865134918384
asin,real,1,16,4096,27541842,420.255157471,14229274820308711493
asin,real,2,16,4096,28105725,428.859329224,14229274820308711493
asin,real,3,16,4096,27476433,419.257095337,14229274820308711493
asin,real,4,16,4096,27606443,421.240890503,14229274820308711493
asin,real,5,16,4096,27494146,419.527374268,14229274820308711493
asin,real,6,16,4096,27623575,421.502304077,14229274820308711493
asin,real,7,16,4096,27754663,423.502548218,14229274820308711493
asin,real,8,16,4096,28630033,436.859634399,14229274820308711493
asin,real,9,16,4096,28071972,428.344299316,14229274820308711493
asin,real,10,16,4096,27764036,423.645568848,14229274820308711493
asin,real,11,16,4096,27861793,425.137222290,14229274820308711493
asin,fine,1,16,4096,30350907,463.118087769,117231791085811277
asin,fine,2,16,4096,28519046,435.166107178,117231791085811277
asin,fine,3,16,4096,27180391,414.739852905,117231791085811277
asin,fine,4,16,4096,27237256,415.607543945,117231791085811277
asin,fine,5,16,4096,27090696,413.371215820,117231791085811277
asin,fine,6,16,4096,27438408,418.676879883,117231791085811277
asin,fine,7,16,4096,27468853,419.141433716,117231791085811277
asin,fine,8,16,4096,28021315,427.571334839,117231791085811277
asin,fine,9,16,4096,29568856,451.184936523,117231791085811277
asin,fine,10,16,4096,27807113,424.302871704,117231791085811277
asin,fine,11,16,4096,27790425,424.048233032,117231791085811277
asin,float,1,2048,4096,43972594,5.241941690,12665656936204841552
asin,float,2,2048,4096,40945425,4.881075025,12665656936204841552
asin,float,3,2048,4096,40860215,4.870917201,12665656936204841552
asin,float,4,2048,4096,37876377,4.515215993,12665656936204841552
asin,float,5,2048,4096,39392997,4.696011186,12665656936204841552
asin,float,6,2048,4096,40007697,4.769289136,12665656936204841552
asin,float,7,2048,4096,40849677,4.869660974,12665656936204841552
asin,float,8,2048,4096,38764856,4.621130943,12665656936204841552
asin,float,9,2048,4096,40934556,4.879779339,12665656936204841552
asin,float,10,2048,4096,39502208,4.709030151,12665656936204841552
asin,float,11,2048,4096,39592356,4.719776630,12665656936204841552
asin,double,1,1024,4096,30324112,7.229831696,14324697191920286109
asin,double,2,1024,4096,30440565,7.257596254,14324697191920286109
asin,double,3,1024,4096,28628913,6.825664759,14324697191920286109
asin,double,4,1024,4096,26184635,6.242903471,14324697191920286109
asin,double,5,1024,4096,29012952,6.917226791,14324697191920286109
asin,double,6,1024,4096,30488107,7.268931150,14324697191920286109
asin,double,7,1024,4096,30662772,7.310574532,14324697191920286109
asin,double,8,1024,4096,26939578,6.422895908,14324697191920286109
asin,double,9,1024,4096,28784561,6.862774134,14324697191920286109
asin,double,10,1024,4096,28475542,6.789098263,14324697191920286109
asin,double,11,1024,4096,30292708,7.222344398,14324697191920286109
acos,real,1,16,4096,27008244,412.113098145,10241314968485705920
acos,real,2,16,4096,27177428,414.694641113,10241314968485705920
acos,real,3,16,4096,27181359,414.754623413,10241314968485705920
acos,real,4,16,4096,27829894,424.650482178,10241314968485705920
acos,real,5,16,4096,28915892,441.221496582,10241314968485705920
acos,real,6,16,4096,27076973,413.161819458,10241314968485705920
acos,real,7,16,4096,27215867,415.281173706,10241314968485705920
acos,real,8,16,4096,27089234,413.348907471,10241314968485705920
acos,real,9,16,4096,27310126,416.719451904,10241314968485705920
acos,real,10,16,4096,27213110,415.239105225,10241314968485705920
acos,real,11,16,4096,27850397,424.963333130,10241314968485705920
acos,fine,1,16,4096,26860147,409.853317261,4898439699281610512
acos,fine,2,16,4096,27140756,414.135070801,4898439699281610512
acos,fine,3,16,4096,26952538,411.263092041,4898439699281610512
acos,fine,4,16,4096,27003046,412.033782959,4898439699281610512
acos,fine,5,16,4096,26877082,410.111724854,4898439699281610512
acos,fine,6,16,4096,27048252,412.723571777,4898439699281610512
acos,fine,7,16,4096,27023171,412.340866089,4898439699281610512
acos,fine,8,16,4096,26965997,411.468460083,4898439699281610512
acos,fine,9,16,4096,27056656,412.851806641,4898439699281610512
acos,fine,10,16,4096,27274204,416.171325684,4898439699281610512
acos,fine,11,16,4096,27090829,413.373245239,4898439699281610512
acos,float,1,1024,4096,24526111,5.847480536,12234500741690040061
acos,float,2,1024,4096,25356012,6.045344353,12234500741690040061
acos,float,3,1024,4096,24825891,5.918953657,12234500741690040061
acos,float,4,1024,4096,25324989,6.037947893,12234500741690040061
acos,float,5,1024,4096,24661598,5.879783154,12234500741690040061
acos,float,6,1024,4096,25062449,5.975353479,12234500741690040061
acos,float,7,1024,4096,24063368,5.737154007,12234500741690040061
acos,float,8,1024,4096,25081139,5.979809523,12234500741690040061
acos,float,9,1024,4096,24191176,5.767625809,12234500741690040061
acos,float,10,1024,4096,25624238,6.109294415,12234500741690040061
acos,float,11,1024,4096,24866517,5.928639650,12234500741690040061
acos,double,1,1024,4096,30322986,7.229563236,5525753515508349097
acos,double,2,1024,4096,30111689,7.179186106,5525753515508349097
acos,double,3,1024,4096,30124848,7.182323456,5525753515508349097
acos,double,4,1024,4096,29939416,7.138113022,5525753515508349097
acos,double,5,1024,4096,32414007,7.728101492,5525753515508349097
acos,double,6,1024,4096,30551088,7.283946991,5525753515508349097
acos,double,7,1024,4096,31084522,7.411127567,5525753515508349097
acos,double,8,1024,4096,30538865,7.281032801,5525753515508349097
acos,double,9,1024,4096,31406484,7.487889290,5525753515508349097
acos,double,10,1024,4096,30805790,7.344672680,5525753515508349097
acos,double,11,1024,4096,30603303,7.296396017,5525753515508349097
atan,real,1,32,4096,26453671,201.825492859,18422361435165418878
atan,real,2,32,4096,26441169,201.730110168,18422361435165418878
atan,real,3,32,4096,26471524,201.961700439,18422361435165418878
atan,real,4,32,4096,26509252,202.249542236,18422361435165418878
atan,real,5,32,4096,25457221,194.223182678,18422361435165418878
atan,real,6,32,4096,25563318,195.032638550,18422361435165418878
atan,real,7,32,4096,25401882,193.800979614,18422361435165418878
atan,real,8,32,4096,25491868,194.487518311,18422361435165418878
atan,real,9,32,4096,25693526,196.026046753,18422361435165418878
atan,real,10,32,4096,25097201,191.476448059,18422361435165418878
atan,real,11,32,4096,25097126,191.475875854,18422361435165418878
atan,fine,1,32,4096,31246164,238.389312744,447461921312718481
atan,fine,2,32,4096,26535078,202.446578979,447461921312718481
atan,fine,3,32,4096,25792452,196.780792236,447461921312718481
atan,fine,4,32,4096,25613225,195.413398743,447461921312718481
atan,fine,5,32,4096,25507583,194.607414246,447461921312718481
atan,fine,6,32,4096,25543330,194.880142212,447461921312718481
atan,fine,7,32,4096,25595183,195.275749207,447461921312718481
atan,fine,8,32,4096,25585741,195.203712463,447461921312718481
atan,fine,9,32,4096,25546377,194.903388977,447461921312718481
atan,fine,10,32,4096,25555934,194.976303101,447461921312718481
atan,fine,11,32,4096,26831351,204.706962585,447461921312718481
atan,float,1,1024,4096,24008199,5.724000692,10524624721795041877
atan,float,2,1024,4096,23808143,5.676303625,10524624721795041877
atan,float,3,1024,4096,23835086,5.682727337,10524624721795041877
atan,float,4,1024,4096,24908565,5.938664675,10524624721795041877
atan,float,5,1024,4096,24022800,5.727481842,10524624721795041877
atan,float,6,1024,4096,23520656,5.607761383,10524624721795041877
atan,float,7,1024,4096,23970019,5.714897871,10524624721795041877
atan,float,8,1024,4096,24042395,5.732153654,10524624721795041877
atan,float,9,1024,4096,23188658,5.528606892,10524624721795041877
atan,float,10,1024,4096,23043684,5.494042397,10524624721795041877
atan,float,11,1024,4096,23357124,5.568772316,10524624721795041877
atan,double,1,1024,4096,21907237,5.223092318,8833166489334136891
atan,double,2,1024,4096,22463348,5.355679512,8833166489334136891
atan,double,3,1024,4096,22210501,5.295396090,8833166489334136891
atan,double,4,1024,4096,22161265,5.283657312,8833166489334136891
atan,double,5,1024,4096,21588299,5.147051573,8833166489334136891
atan,double,6,1024,4096,21794207,5.196143866,8833166489334136891
atan,double,7,1024,4096,21015560,5.010499954,8833166489334136891
atan,double,8,1024,4096,20561704,4.902292252,8833166489334136891
atan,double,9,1024,4096,22102282,5.269594669,8833166489334136891
atan,double,10,1024,4096,21533921,5.134086847,8833166489334136891
atan,double,11,1024,4096,21865404,5.213118553,8833166489334136891
atan2,real,1,32,4096,27183945,207.397041321,1649746218437700163
atan2,real,2,32,4096,27118284,206.896087646,1649746218437700163
atan2,real,3,32,4096,27184693,207.402748108,1649746218437700163
atan2,real,4,32,4096,26990504,205.921203613,1649746218437700163
atan2,real,5,32,4096,27199841,207.518318176,1649746218437700163
atan2,real,6,32,4096,27465961,209.548652649,1649746218437700163
atan2,real,7,32,4096,27221927,207.686820984,1649746218437700163
atan2,real,8,32,4096,27197536,207.500732422,1649746218437700163
atan2,real,9,32,4096,27761317,211.802040100,1649746218437700163
atan2,real,10,32,4096,27691149,211.266700745,1649746218437700163
atan2,real,11,32,4096,27636837,210.852333069,1649746218437700163
atan2,fine,1,32,4096,27163469,207.240821838,17309318931633237829
atan2,fine,2,32,4096,27144449,207.095710754,17309318931633237829
atan2,fine,3,32,4096,27055274,206.415359497,17309318931633237829
atan2,fine,4,32,4096,27015481,206.111763000,17309318931633237829
atan2,fine,5,32,4096,27178608,207.356323242,17309318931633237829
atan2,fine,6,32,4096,27716684,211.461517334,17309318931633237829
atan2,fine,7,32,4096,27816855,212.225761414,17309318931633237829
atan2,fine,8,32,4096,27124163,206.940940857,17309318931633237829
atan2,fine,9,32,4096,27421912,209.212585449,17309318931633237829
atan2,fine,10,32,4096,28208029,215.210182190,17309318931633237829
atan2,fine,11,32,4096,27692344,211.275817871,17309318931633237829
atan2,float,1,512,4096,35529476,16.941774368,8793867700672568359
atan2,float,2,512,4096,35495233,16.925446033,8793867700672568359
atan2,float,3,512,4096,35011195,16.694638729,8793867700672568359
atan2,float,4,512,4096,35365938,16.863793373,8793867700672568359
atan2,float,5,512,4096,34758929,16.574348927,8793867700672568359
atan2,float,6,512,4096,35721363,17.033273220,8793867700672568359
atan2,float,7,512,4096,35810497,17.075775623,8793867700672568359
atan2,float,8,512,4096,37098023,17.689715862,8793867700672568359
atan2,float,9,512,4096,34844442,16.615124702,8793867700672568359
atan2,float,10,512,4096,36561656,17.433956146,8793867700672568359
atan2,float,11,512,4096,36000037,17.166155338,8793867700672568359
atan2,double,1,512,4096,37569581,17.914572239,18215653240321959321
atan2,double,2,512,4096,37061210,17.672162056,18215653240321959321
atan2,double,3,512,4096,36956565,17.622263432,18215653240321959321
atan2,double,4,512,4096,36966050,17.626786232,18215653240321959321
atan2,double,5,512,4096,37644079,17.950095654,18215653240321959321
atan2,double,6,512,4096,40530891,19.326634884,18215653240321959321
atan2,double,7,512,4096,37375289,17.821926594,18215653240321959321
atan2,double,8,512,4096,37301979,17.786969662,18215653240321959321
atan2,double,9,512,4096,38127692,18.180700302,18215653240321959321
atan2,double,10,512,4096,37613253,17.935396671,18215653240321959321
atan2,double,11,512,4096,37643111,17.949634075,18215653240321959321
exp,real,1,64,4096,34593459,131.963573456,7468444381220680276
exp,real,2,64,4096,34689224,132.328887939,7468444381220680276
exp,real,3,64,4096,33324905,127.124423981,7468444381220680276
exp,real,4,64,4096,33518643,127.863475800,7468444381220680276
exp,real,5,64,4096,33634580,128.305740356,7468444381220680276
exp,real,6,64,4096,33542963,127.956249237,7468444381220680276
exp,real,7,64,4096,33393570,127.386360168,7468444381220680276
exp,real,8,64,4096,33740098,128.708259583,7468444381220680276
exp,real,9,64,4096,33618279,128.243556976,7468444381220680276
exp,real,10,64,4096,33794979,128.917613983,7468444381220680276
exp,real,11,64,4096,34049434,129.888282776,7468444381220680276
exp,fine,1,64,4096,33680866,128.482307434,13653351307793540900
exp,fine,2,64,4096,33434725,127.543354034,13653351307793540900
exp,fine,3,64,4096,33202697,126.658237457,13653351307793540900
exp,fine,4,64,4096,33081748,126.196853638,13653351307793540900
exp,fine,5,64,4096,33061801,126.120761871,13653351307793540900
exp,fine,6,64,4096,33062954,126.125160217,13653351307793540900
exp,fine,7,64,4096,33125633,126.364261627,13653351307793540900
exp,fine,8,64,4096,33165571,126.516613007,13653351307793540900
exp,fine,9,64,4096,33092905,126.239414215,13653351307793540900
exp,fine,10,64,4096,33279251,126.950267792,13653351307793540900
exp,fine,11,64,4096,33893066,129.291786194,13653351307793540900
exp,float,1,4096,4096,30299544,1.805993557,6363740335008662382
exp,float,2,4096,4096,28950751,1.725599229,6363740335008662382
exp,float,3,4096,4096,28701999,1.710772455,6363740335008662382
exp,float,4,4096,4096,28754352,1.713892937,6363740335008662382
exp,float,5,4096,4096,28712263,1.711384237,6363740335008662382
exp,float,6,4096,4096,28908274,1.723067403,6363740335008662382
exp,float,7,4096,4096,28791356,1.716098547,6363740335008662382
exp,float,8,4096,4096,28685316,1.709778070,6363740335008662382
exp,float,9,4096,4096,29089617,1.733876288,6363740335008662382
exp,float,10,4096,4096,29006559,1.728925645,6363740335008662382
exp,float,11,4096,4096,28991804,1.728046179,6363740335008662382
exp,double,1,2048,4096,25580106,3.049386263,7639933830737331441
exp,double,2,2048,4096,25767428,3.071716785,7639933830737331441
exp,double,3,2048,4096,25344431,3.021291614,7639933830737331441
exp,double,4,2048,4096,25193494,3.003298521,7639933830737331441
exp,double,5,2048,4096,25589032,3.050450325,7639933830737331441
exp,double,6,2048,4096,25578189,3.049157739,7639933830737331441
exp,double,7,2048,4096,25349115,3.021849990,7639933830737331441
exp,double,8,2048,4096,25877256,3.084809303,7639933830737331441
exp,double,9,2048,4096,30606811,3.648616195,7639933830737331441
exp,double,10,2048,4096,25621478,3.054318190,7639933830737331441
exp,double,11,2048,4096,25659358,3.058833838,7639933830737331441
exp2,real,1,64,4096,37719666,143.889106750,1407864874872714684
exp2,real,2,64,4096,37119155,141.598339081,1407864874872714684
exp2,real,3,64,4096,37149233,141.713077545,1407864874872714684
exp2,real,4,64,4096,38448997,146.671283722,1407864874872714684
exp2,real,5,64,4096,38169481,145.605014801,1407864874872714684
exp2,real,6,64,4096,37773679,144.095149994,1407864874872714684
exp2,real,7,64,4096,38685046,147.571739197,1407864874872714684
exp2,real,8,64,4096,38077423,145.253841400,1407864874872714684
exp2,real,9,64,4096,37901310,144.582023621,1407864874872714684
exp2,real,10,64,4096,37431134,142.788444519,1407864874872714684
exp2,real,11,64,4096,37030941,141.261829376,1407864874872714684
exp2,fine,1,64,4096,35107687,133.925197601,17710743810412876548
exp2,fine,2,64,4096,35260779,134.509197235,17710743810412876548
exp2,fine,3,64,4096,35917383,137.013942719,17710743810412876548
exp2,fine,4,64,4096,38080727,145.266445160,17710743810412876548
exp2,fine,5,64,4096,35995029,137.310138702,17710743810412876548
exp2,fine,6,64,4096,35946721,137.125858307,17710743810412876548
exp2,fine,7,64,4096,36347106,138.653205872,17710743810412876548
exp2,fine,8,64,4096,36109606,137.747215271,17710743810412876548
exp2,fine,9,64,4096,35951147,137.142742157,17710743810412876548
exp2,fine,10,64,4096,37258000,142.127990723,17710743810412876548
exp2,fine,11,64,4096,36868224,140.641113281,17710743810412876548
exp2,float,1,4096,4096,27373788,1.631604910,8791083485724275001
exp2,float,2,4096,4096,27400073,1.633171618,8791083485724275001
exp2,float,3,4096,4096,27464006,1.636982322,8791083485724275001
exp2,float,4,4096,4096,34666132,2.066262484,8791083485724275001
exp2,float,5,4096,4096,27564278,1.642958999,8791083485724275001
exp2,float,6,4096,4096,27349741,1.630171597,8791083485724275001
exp2,float,7,4096,4096,27361268,1.630858660,8791083485724275001
exp2,float,8,4096,4096,27505151,1.639434755,8791083485724275001
exp2,float,9,4096,4096,27430596,1.634990931,8791083485724275001
exp2,float,10,4096,4096,27394167,1.632819593,8791083485724275001
exp2,float,11,4096,4096,27462567,1.636896551,8791083485724275001
exp2,double,1,4096,4096,34882622,2.079166293,13726149514032804192
exp2,double,2,4096,4096,34613521,2.063126624,13726149514032804192
exp2,double,3,4096,4096,35610908,2.122575521,13726149514032804192
exp2,double,4,4096,4096,35218150,2.099165320,13726149514032804192
exp2,double,5,4096,4096,34874535,2.078684270,13726149514032804192
exp2,double,6,4096,4096,34740490,2.070694566,13726149514032804192
exp2,double,7,4096,4096,34612544,2.063068390,13726149514032804192
exp2,double,8,4096,4096,39640082,2.362733006,13726149514032804192
exp2,double,9,4096,4096,35467982,2.114056468,13726149514032804192
exp2,double,10,4096,4096,34726628,2.069868326,13726149514032804192
exp2,double,11,4096,4096,34881612,2.079106092,13726149514032804192
expm1,real,1,64,4096,35752910,136.386528015,6558216713084318292
expm1,real,2,64,4096,35875739,136.855083466,6558216713084318292
expm1,real,3,64,4096,35621193,135.884067535,6558216713084318292
expm1,real,4,64,4096,35588049,135.757633209,6558216713084318292
expm1,real,5,64,4096,35740910,136.340751648,6558216713084318292
expm1,real,6,64,4096,35580954,135.730567932,6558216713084318292
expm1,real,7,64,4096,35861580,136.801071167,6558216713084318292
expm1,real,8,64,4096,36065217,137.577884674,6558216713084318292
expm1,real,9,64,4096,35666883,136.058361053,6558216713084318292
expm1,real,10,64,4096,36705165,140.019092560,6558216713084318292
expm1,real,11,64,4096,35467010,135.295906067,6558216713084318292
expm1,fine,1,64,4096,35720923,136.264507294,8085050659501909796
expm1,fine,2,64,4096,35588963,135.761119843,8085050659501909796
expm1,fine,3,64,4096,35397863,135.032131195,8085050659501909796
expm1,fine,4,64,4096,35566029,135.673633575,8085050659501909796
expm1,fine,5,64,4096,35392751,135.012630463,8085050659501909796
expm1,fine,6,64,4096,35649821,135.993274689,8085050659501909796
expm1,fine,7,64,4096,35643246,135.968193054,8085050659501909796
expm1,fine,8,64,4096,35534356,135.552810669,8085050659501909796
expm1,fine,9,64,4096,35774547,136.469066620,8085050659501909796
expm1,fine,10,64,4096,35482339,135.354381561,8085050659501909796
expm1,fine,11,64,4096,35351382,134.854820251,8085050659501909796
expm1,float,1,1024,4096,28684459,6.838907957,2621425814503119703
expm1,float,2,1024,4096,29051090,6.926319599,2621425814503119703
expm1,float,3,1024,4096,30136832,7.185180664,2621425814503119703
expm1,float,4,1024,4096,29115094,6.941579342,2621425814503119703
expm1,float,5,1024,4096,28355059,6.760372877,2621425814503119703
expm1,float,6,1024,4096,28687218,6.839565754,2621425814503119703
expm1,float,7,1024,4096,29195433,6.960733652,2621425814503119703
expm1,float,8,1024,4096,29019902,6.918883801,2621425814503119703
expm1,float,9,1024,4096,28578296,6.813596725,2621425814503119703
expm1,float,10,1024,4096,28563456,6.810058594,2621425814503119703
expm1,float,11,1024,4096,28989998,6.911754131,2621425814503119703
expm1,double,1,1024,4096,28281712,6.742885590,3861738321261447038
expm1,double,2,1024,4096,29405633,7.010849237,3861738321261447038
expm1,double,3,1024,4096,27859087,6.642123938,3861738321261447038
expm1,double,4,1024,4096,27506159,6.557979345,3861738321261447038
expm1,double,5,1024,4096,29102310,6.938531399,3861738321261447038
expm1,double,6,1024,4096,29260012,6.976130486,3861738321261447038
expm1,double,7,1024,4096,29331852,6.993258476,3861738321261447038
expm1,double,8,1024,4096,28042527,6.685859442,3861738321261447038
expm1,double,9,1024,4096,28408240,6.773052216,3861738321261447038
expm1,double,10,1024,4096,28666369,6.834594965,3861738321261447038
expm1,double,11,1024,4096,28064726,6.691152096,3861738321261447038
log,real,1,32,4096,21413395,163.371238708,1764680048438542616
log,real,2,32,4096,21521781,164.198158264,1764680048438542616
log,real,3,32,4096,21582607,164.662223816,1764680048438542616
log,real,4,32,4096,21220163,161.896995544,1764680048438542616
log,real,5,32,4096,21495704,163.999206543,1764680048438542616
log,real,6,32,4096,21678216,165.391662598,1764680048438542616
log,real,7,32,4096,23084534,176.121017456,1764680048438542616
log,real,8,32,4096,21817483,166.454185486,1764680048438542616
log,real,9,32,4096,21833450,166.576004028,1764680048438542616
log,real,10,32,4096,24533921,187.178962708,1764680048438542616
log,real,11,32,4096,22105649,168.652717590,1764680048438542616
log,fine,1,32,4096,21284613,162.388710022,9922270084422217267
log,fine,2,32,4096,27044470,206.332931519,9922270084422217267
log,fine,3,32,4096,21216842,161.871658325,9922270084422217267
log,fine,4,32,4096,21211992,161.834655762,9922270084422217267
log,fine,5,32,4096,21171050,161.522293091,9922270084422217267
log,fine,6,32,4096,21360636,162.968719482,9922270084422217267
log,fine,7,32,4096,21781294,166.178085327,9922270084422217267
log,fine,8,32,4096,21225203,161.935447693,9922270084422217267
log,fine,9,32,4096,22216146,169.495742798,9922270084422217267
log,fine,10,32,4096,21803260,166.345672607,9922270084422217267
log,fine,11,32,4096,22491079,171.593315125,9922270084422217267
log,float,1,4096,4096,32188542,1.918586612,2870649562446435514
log,float,2,4096,4096,31969653,1.905539811,2870649562446435514
log,float,3,4096,4096,31903641,1.901605189,2870649562446435514
log,float,4,4096,4096,31868373,1.899503052,2870649562446435514
log,float,5,4096,4096,31871028,1.899661303,2870649562446435514
log,float,6,4096,4096,31935365,1.903496087,2870649562446435514
log,float,7,4096,4096,31819714,1.896602750,2870649562446435514
log,float,8,4096,4096,32569898,1.941317201,2870649562446435514
log,float,9,4096,4096,32828366,1.956723094,2870649562446435514
log,float,10,4096,4096,33139227,1.975251853,2870649562446435514
log,float,11,4096,4096,36496264,2.175346851,2870649562446435514
log,double,1,2048,4096,24040138,2.865807772,15854383744199754562
log,double,2,2048,4096,24445353,2.914113164,15854383744199754562
log,double,3,2048,4096,23923361,2.851886868,15854383744199754562
log,double,4,2048,4096,23947569,2.854772687,15854383744199754562
log,double,5,2048,4096,24030461,2.864654183,15854383744199754562
log,double,6,2048,4096,23834215,2.841259837,15854383744199754562
log,double,7,2048,4096,24881556,2.966112614,15854383744199754562
log,double,8,2048,4096,25104121,2.992644429,15854383744199754562
log,double,9,2048,4096,24351279,2.902898669,15854383744199754562
log,double,10,2048,4096,24387711,2.907241702,15854383744199754562
log,double,11,2048,4096,25023224,2.983000755,15854383744199754562
log10,real,1,32,4096,22749559,173.565361023,790708988460168305
log10,real,2,32,4096,22701337,173.197456360,790708988460168305
log10,real,3,32,4096,22306447,170.184684753,790708988460168305
log10,real,4,32,4096,22329904,170.363647461,790708988460168305
log10,real,5,32,4096,22406221,170.945899963,790708988460168305
log10,real,6,32,4096,22409076,170.967681885,790708988460168305
log10,real,7,32,4096,22504290,171.694107056,790708988460168305
log10,real,8,32,4096,22198381,169.360206604,790708988460168305
log10,real,9,32,4096,22166188,169.114593506,790708988460168305
log10,real,10,32,4096,22240740,169.683380127,790708988460168305
log10,real,11,32,4096,22198773,169.363197327,790708988460168305
log10,fine,1,32,4096,21878145,166.916999817,15793365505584923322
log10,fine,2,32,4096,23073756,176.038787842,15793365505584923322
log10,fine,3,32,4096,21918489,167.224800110,15793365505584923322
log10,fine,4,32,4096,21849062,166.695114136,15793365505584923322
log10,fine,5,32,4096,21923071,167.259757996,15793365505584923322
log10,fine,6,32,4096,21948714,167.455398560,15793365505584923322
log10,fine,7,32,4096,21935922,167.357803345,15793365505584923322
log10,fine,8,32,4096,23730887,181.052299500,15793365505584923322
log10,fine,9,32,4096,21835544,166.591979980,15793365505584923322
log10,fine,10,32,4096,21841612,166.638275146,15793365505584923322
log10,fine,11,32,4096,21854061,166.733253479,15793365505584923322
log10,float,1,2048,4096,33936159,4.045505404,3656705659774681935
log10,float,2,2048,4096,35743959,4.261011958,3656705659774681935
log10,float,3,2048,4096,34342482,4.093942881,3656705659774681935
log10,float,4,2048,4096,34043900,4.058349133,3656705659774681935
log10,float,5,2048,4096,33862647,4.036742091,3656705659774681935
log10,float,6,2048,4096,33479831,3.991106868,3656705659774681935
log10,float,7,2048,4096,33416172,3.983518124,3656705659774681935
log10,float,8,2048,4096,33374624,3.978565216,3656705659774681935
log10,float,9,2048,4096,33339744,3.974407196,3656705659774681935
log10,float,10,2048,4096,33421155,3.984112144,3656705659774681935
log10,float,11,2048,4096,33768991,4.025577426,3656705659774681935
log10,double,1,1024,4096,27518971,6.561033964,14063252246726435904
log10,double,2,1024,4096,26925330,6.419498920,14063252246726435904
log10,double,3,1024,4096,26950726,6.425553799,14063252246726435904
log10,double,4,1024,4096,26912494,6.416438580,14063252246726435904
log10,double,5,1024,4096,26976100,6.431603432,14063252246726435904
log10,double,6,1024,4096,27065824,6.452995300,14063252246726435904
log10,double,7,1024,4096,26722359,6.371106863,14063252246726435904
log10,double,8,1024,4096,26933740,6.421504021,14063252246726435904
log10,double,9,1024,4096,26759760,6.380023956,14063252246726435904
log10,double,10,1024,4096,25709786,6.129690647,14063252246726435904
log10,double,11,1024,4096,26299098,6.270193577,14063252246726435904
log2,real,1,32,4096,21701007,165.565544128,12457879868932529901
log2,real,2,32,4096,21674876,165.366180420,12457879868932529901
log2,real,3,32,4096,21606925,164.847755432,12457879868932529901
log2,real,4,32,4096,21506038,164.078048706,12457879868932529901
log2,real,5,32,4096,21384239,163.148796082,12457879868932529901
log2,real,6,32,4096,21427813,163.481239319,12457879868932529901
log2,real,7,32,4096,21817144,166.451599121,12457879868932529901
log2,real,8,32,4096,21605116,164.833953857,12457879868932529901
log2,real,9,32,4096,21478247,163.866020203,12457879868932529901
log2,real,10,32,4096,21392720,163.213500977,12457879868932529901
log2,real,11,32,4096,21431558,163.509811401,12457879868932529901
log2,fine,1,32,4096,21509460,164.104156494,15564502758691511170
log2,fine,2,32,4096,21330739,162.740623474,15564502758691511170
log2,fine,3,32,4096,21565828,164.534210205,15564502758691511170
log2,fine,4,32,4096,21381411,163.127220154,15564502758691511170
log2,fine,5,32,4096,22916655,174.840202332,15564502758691511170
log2,fine,6,32,4096,21340868,162.817901611,15564502758691511170
log2,fine,7,32,4096,21074107,160.782676697,15564502758691511170
log2,fine,8,32,4096,21317458,162.639297485,15564502758691511170
log2,fine,9,32,4096,21383220,163.141021729,15564502758691511170
log2,fine,10,32,4096,21264814,162.237655640,15564502758691511170
log2,fine,11,32,4096,21374983,163.078178406,15564502758691511170
log2,float,1,4096,4096,31745253,1.892164528,8307658793995803152
log2,float,2,4096,4096,32131224,1.915170193,8307658793995803152
log2,float,3,4096,4096,31741954,1.891967893,8307658793995803152
log2,float,4,4096,4096,32071450,1.911607385,8307658793995803152
log2,float,5,4096,4096,32256049,1.922610343,8307658793995803152
log2,float,6,4096,4096,32523895,1.938575208,8307658793995803152
log2,float,7,4096,4096,32610334,1.943727374,8307658793995803152
log2,float,8,4096,4096,32248041,1.922133029,8307658793995803152
log2,float,9,4096,4096,32146366,1.916072726,8307658793995803152
log2,float,10,4096,4096,32037303,1.909572065,8307658793995803152
log2,float,11,4096,4096,32326546,1.926812291,8307658793995803152
log2,double,1,2048,4096,24838175,2.960941195,7524513963541091422
log2,double,2,2048,4096,25175382,3.001139402,7524513963541091422
log2,double,3,2048,4096,24921360,2.970857620,7524513963541091422
log2,double,4,2048,4096,24904641,2.968864560,7524513963541091422
log2,double,5,2048,4096,25718181,3.065846086,7524513963541091422
log2,double,6,2048,4096,25339229,3.020671487,7524513963541091422
log2,double,7,2048,4096,25481052,3.037578106,7524513963541091422
log2,double,8,2048,4096,25356780,3.022763729,7524513963541091422
log2,double,9,2048,4096,24893843,2.967577338,7524513963541091422
log2,double,10,2048,4096,24792649,2.955514073,7524513963541091422
log2,double,11,2048,4096,25104321,2.992668271,7524513963541091422
log1p,real,1,32,4096,21146744,161.336853027,16538829117466844308
log1p,real,2,32,4096,21972579,167.637474060,16538829117466844308
log1p,real,3,32,4096,21651724,165.189544678,16538829117466844308
log1p,real,4,32,4096,21348094,162.873031616,16538829117466844308
log1p,real,5,32,4096,21232672,161.992431641,16538829117466844308
log1p,real,6,32,4096,21420395,163.424644470,16538829117466844308
log1p,real,7,32,4096,21516482,164.157730103,16538829117466844308
log1p,real,8,32,4096,21523227,164.209190369,16538829117466844308
log1p,real,9,32,4096,21197142,161.721359253,16538829117466844308
log1p,real,10,32,4096,21299098,162.499221802,16538829117466844308
log1p,real,11,32,4096,21408760,163.335876465,16538829117466844308
log1p,fine,1,32,4096,20834690,158.956069946,6107630796031415626
log1p,fine,2,32,4096,20968163,159.974388123,6107630796031415626
log1p,fine,3,32,4096,21130720,161.214599609,6107630796031415626
log1p,fine,4,32,4096,21164791,161.474540710,6107630796031415626
log1p,fine,5,32,4096,20702283,157.945884705,6107630796031415626
log1p,fine,6,32,4096,21225289,161.936103821,6107630796031415626
log1p,fine,7,32,4096,22596621,172.398536682,6107630796031415626
log1p,fine,8,32,4096,21061907,160.689598083,6107630796031415626
log1p,fine,9,32,4096,21282678,162.373947144,6107630796031415626
log1p,fine,10,32,4096,21189897,161.666084290,6107630796031415626
log1p,fine,11,32,4096,23128126,176.453598022,6107630796031415626
log1p,float,1,1024,4096,28874108,6.884123802,6000005814295728465
log1p,float,2,1024,4096,33477308,7.981612206,6000005814295728465
log1p,float,3,1024,4096,29199153,6.961620569,6000005814295728465
log1p,float,4,1024,4096,29494312,7.031991959,6000005814295728465
log1p,float,5,1024,4096,28715915,6.846407652,6000005814295728465
log1p,float,6,1024,4096,28754021,6.855492830,6000005814295728465
log1p,float,7,1024,4096,29434202,7.017660618,6000005814295728465
log1p,float,8,1024,4096,29037515,6.923083067,6000005814295728465
log1p,float,9,1024,4096,28715905,6.846405268,6000005814295728465
log1p,float,10,1024,4096,28670090,6.835482121,6000005814295728465
log1p,float,11,1024,4096,29320984,6.990667343,6000005814295728465
log1p,double,1,1024,4096,32642073,7.782476664,17688891654735879589
log1p,double,2,1024,4096,33080044,7.886897087,17688891654735879589
log1p,double,3,1024,4096,33074163,7.885494947,17688891654735879589
log1p,double,4,1024,4096,32104857,7.654394388,17688891654735879589
log1p,double,5,1024,4096,32148839,7.664880514,17688891654735879589
log1p,double,6,1024,4096,32404918,7.725934505,17688891654735879589
log1p,double,7,1024,4096,31448909,7.498004198,17688891654735879589
log1p,double,8,1024,4096,32385738,7.721361637,17688891654735879589
log1p,double,9,1024,4096,32127680,7.659835815,17688891654735879589
log1p,double,10,1024,4096,31937947,7.614599943,17688891654735879589
log1p,double,11,1024,4096,31827292,7.588217735,17688891654735879589
pow (noninteger exponent),real,1,32,4096,39056921,297.980659485,5761192193160746685
pow (noninteger exponent),real,2,32,4096,38852857,296.423774719,5761192193160746685
pow (noninteger exponent),real,3,32,4096,38957102,297.219100952,5761192193160746685
pow (noninteger exponent),real,4,32,4096,39080048,298.157104492,5761192193160746685
pow (noninteger exponent),real,5,32,4096,38600996,294.502227783,5761192193160746685
pow (noninteger exponent),real,6,32,4096,38620017,294.647346497,5761192193160746685
pow (noninteger exponent),real,7,32,4096,38411339,293.055259705,5761192193160746685
pow (noninteger exponent),real,8,32,4096,38699842,295.256362915,5761192193160746685
pow (noninteger exponent),real,9,32,4096,38224145,291.627082825,5761192193160746685
pow (noninteger exponent),real,10,32,4096,38632924,294.745819092,5761192193160746685
pow (noninteger exponent),real,11,32,4096,38237294,291.727401733,5761192193160746685
pow (noninteger exponent),fine,1,32,4096,38746866,295.615127563,7348549654932235759
pow (noninteger exponent),fine,2,32,4096,39054899,297.965232849,7348549654932235759
pow (noninteger exponent),fine,3,32,4096,38996158,297.517074585,7348549654932235759
pow (noninteger exponent),fine,4,32,4096,37962823,289.633354187,7348549654932235759
pow (noninteger exponent),fine,5,32,4096,38966141,297.288063049,7348549654932235759
pow (noninteger exponent),fine,6,32,4096,38317988,292.343048096,7348549654932235759
pow (noninteger exponent),fine,7,32,4096,38347433,292.567695618,7348549654932235759
pow (noninteger exponent),fine,8,32,4096,38735075,295.525169373,7348549654932235759
pow (noninteger exponent),fine,9,32,4096,41776998,318.733200073,7348549654932235759
pow (noninteger exponent),fine,10,32,4096,38766099,295.761863708,7348549654932235759
pow (noninteger exponent),fine,11,32,4096,37907507,289.211326599,7348549654932235759
pow (noninteger exponent),float,1,2048,4096,33813739,4.030911803,5014914272053494357
pow (noninteger exponent),float,2,2048,4096,34161024,4.072311401,5014914272053494357
pow (noninteger exponent),float,3,2048,4096,34842751,4.153579593,5014914272053494357
pow (noninteger exponent),float,4,2048,4096,34334516,4.092993259,5014914272053494357
pow (noninteger exponent),float,5,2048,4096,35803571,4.268118262,5014914272053494357
pow (noninteger exponent),float,6,2048,4096,34305581,4.089543939,5014914272053494357
pow (noninteger exponent),float,7,2048,4096,34337480,4.093346596,5014914272053494357
pow (noninteger exponent),float,8,2048,4096,34249738,4.082886934,5014914272053494357
pow (noninteger exponent),float,9,2048,4096,33924421,4.044106126,5014914272053494357
pow (noninteger exponent),float,10,2048,4096,33953654,4.047590971,5014914272053494357
pow (noninteger exponent),float,11,2048,4096,34112370,4.066511393,5014914272053494357
pow (noninteger exponent),double,1,1024,4096,37027980,8.828158379,7239873890041298981
pow (noninteger exponent),double,2,1024,4096,37079771,8.840506315,7239873890041298981
pow (noninteger exponent),double,3,1024,4096,37381319,8.912400961,7239873890041298981
pow (noninteger exponent),double,4,1024,4096,36967432,8.813722610,7239873890041298981
pow (noninteger exponent),double,5,1024,4096,37075591,8.839509726,7239873890041298981
pow (noninteger exponent),double,6,1024,4096,37150296,8.857320786,7239873890041298981
pow (noninteger exponent),double,7,1024,4096,37211203,8.871842146,7239873890041298981
pow (noninteger exponent),double,8,1024,4096,36756901,8.763528109,7239873890041298981
pow (noninteger exponent),double,9,1024,4096,36920219,8.802466154,7239873890041298981
pow (noninteger exponent),double,10,1024,4096,36892569,8.795873880,7239873890041298981
pow (noninteger exponent),double,11,1024,4096,36956060,8.811011314,7239873890041298981
sqrt,real,1,64,4096,27228497,103.868473053,13483307984596409789
sqrt,real,2,64,4096,26502593,101.099369049,13483307984596409789
sqrt,real,3,64,4096,26294710,100.306358337,13483307984596409789
sqrt,real,4,64,4096,26307202,100.354011536,13483307984596409789
sqrt,real,5,64,4096,26608202,101.502235413,13483307984596409789
sqrt,real,6,64,4096,26241634,100.103889465,13483307984596409789
sqrt,real,7,64,4096,25925063,98.896266937,13483307984596409789
sqrt,real,8,64,4096,26183825,99.883365631,13483307984596409789
sqrt,real,9,64,4096,26931728,102.736389160,13483307984596409789
sqrt,real,10,64,4096,26022832,99.269226074,13483307984596409789
sqrt,real,11,64,4096,25819938,98.495246887,13483307984596409789
sqrt,fine,1,64,4096,38970330,148.660011292,15313102884341441125
sqrt,fine,2,64,4096,38836368,148.148986816,15313102884341441125
sqrt,fine,3,64,4096,38942249,148.552890778,15313102884341441125
sqrt,fine,4,64,4096,38967156,148.647903442,15313102884341441125
sqrt,fine,5,64,4096,39030135,148.888149261,15313102884341441125
sqrt,fine,6,64,4096,38454008,146.690399170,15313102884341441125
sqrt,fine,7,64,4096,38810234,148.049293518,15313102884341441125
sqrt,fine,8,64,4096,44209134,168.644462585,15313102884341441125
sqrt,fine,9,64,4096,38719073,147.701541901,15313102884341441125
sqrt,fine,10,64,4096,38565968,147.117492676,15313102884341441125
sqrt,fine,11,64,4096,38761087,147.861812592,15313102884341441125
sqrt,float,1,8192,4096,23023652,0.686158299,13999497479393175290
sqrt,float,2,8192,4096,23020708,0.686070561,13999497479393175290
sqrt,float,3,8192,4096,22678684,0.675877452,13999497479393175290
sqrt,float,4,8192,4096,22540897,0.671771079,13999497479393175290
sqrt,float,5,8192,4096,22603081,0.673624307,13999497479393175290
sqrt,float,6,8192,4096,22600073,0.673534662,13999497479393175290
sqrt,float,7,8192,4096,22564655,0.672479123,13999497479393175290
sqrt,float,8,8192,4096,26589446,0.792427242,13999497479393175290
sqrt,float,9,8192,4096,22593046,0.673325241,13999497479393175290
sqrt,float,10,8192,4096,22567156,0.672553658,13999497479393175290
sqrt,float,11,8192,4096,22520354,0.671158850,13999497479393175290
sqrt,double,1,4096,4096,23027878,1.372568488,2606228873545630112
sqrt,double,2,4096,4096,22864460,1.362828016,2606228873545630112
sqrt,double,3,4096,4096,22470743,1.339360654,2606228873545630112
sqrt,double,4,4096,4096,22478396,1.339816809,2606228873545630112
sqrt,double,5,4096,4096,22142450,1.319792867,2606228873545630112
sqrt,double,6,4096,4096,22005426,1.311625600,2606228873545630112
sqrt,double,7,4096,4096,22008195,1.311790645,2606228873545630112
sqrt,double,8,4096,4096,22060568,1.314912319,2606228873545630112
sqrt,double,9,4096,4096,22043144,1.313873768,2606228873545630112
sqrt,double,10,4096,4096,22003676,1.311521292,2606228873545630112
sqrt,double,11,4096,4096,22008815,1.311827600,2606228873545630112
cbrt,real,1,64,4096,21604312,82.413909912,833497103573114967
cbrt,real,2,64,4096,21526623,82.117549896,833497103573114967
cbrt,real,3,64,4096,21500464,82.017761230,833497103573114967
cbrt,real,4,64,4096,21574672,82.300842285,833497103573114967
cbrt,real,5,64,4096,21374466,81.537117004,833497103573114967
cbrt,real,6,64,4096,21405993,81.657382965,833497103573114967
cbrt,real,7,64,4096,21431372,81.754196167,833497103573114967
cbrt,real,8,64,4096,21492836,81.988662720,833497103573114967
cbrt,real,9,64,4096,21156952,80.707366943,833497103573114967
cbrt,real,10,64,4096,21238494,81.018424988,833497103573114967
cbrt,real,11,64,4096,20995620,80.091934204,833497103573114967
cbrt,fine,1,32,4096,22809225,174.020576477,8650040379538822823
cbrt,fine,2,32,4096,22696110,173.157577515,8650040379538822823
cbrt,fine,3,32,4096,22842679,174.275810242,8650040379538822823
cbrt,fine,4,32,4096,22709659,173.260948181,8650040379538822823
cbrt,fine,5,32,4096,22962446,175.189559937,8650040379538822823
cbrt,fine,6,32,4096,24468337,186.678596497,8650040379538822823
cbrt,fine,7,32,4096,22658498,172.870620728,8650040379538822823
cbrt,fine,8,32,4096,22850769,174.337532043,8650040379538822823
cbrt,fine,9,32,4096,22761496,173.656433105,8650040379538822823
cbrt,fine,10,32,4096,22768235,173.707847595,8650040379538822823
cbrt,fine,11,32,4096,22555411,172.084129333,8650040379538822823
cbrt,float,1,512,4096,21470963,10.238152981,9473542133205829020
cbrt,float,2,512,4096,21378211,10.193925381,9473542133205829020
cbrt,float,3,512,4096,21364058,10.187176704,9473542133205829020
cbrt,float,4,512,4096,21318326,10.165369987,9473542133205829020
cbrt,float,5,512,4096,21010184,10.018436432,9473542133205829020
cbrt,float,6,512,4096,21492716,10.248525620,9473542133205829020
cbrt,float,7,512,4096,21006136,10.016506195,9473542133205829020
cbrt,float,8,512,4096,21147000,10.083675385,9473542133205829020
cbrt,float,9,512,4096,20984333,10.006109715,9473542133205829020
cbrt,float,10,512,4096,21346251,10.178685665,9473542133205829020
cbrt,float,11,512,4096,21036885,10.031168461,9473542133205829020
cbrt,double,1,512,4096,22107304,10.541584015,4142091873449188186
cbrt,double,2,512,4096,21844145,10.416100025,4142091873449188186
cbrt,double,3,512,4096,22263250,10.615944862,4142091873449188186
cbrt,double,4,512,4096,21807409,10.398582935,4142091873449188186
cbrt,double,5,512,4096,21983868,10.482725143,4142091873449188186
cbrt,double,6,512,4096,22056477,10.517347813,4142091873449188186
cbrt,double,7,512,4096,21899628,10.442556381,4142091873449188186
cbrt,double,8,512,4096,22055159,10.516719341,4142091873449188186
cbrt,double,9,512,4096,22120704,10.547973633,4142091873449188186
cbrt,double,10,512,4096,21966243,10.474320889,4142091873449188186
cbrt,double,11,512,4096,22074708,10.526041031,4142091873449188186
hypot,real,1,64,4096,29494654,112.513175964,5552350112077796946
hypot,real,2,64,4096,29383705,112.089939117,5552350112077796946
hypot,real,3,64,4096,29652865,113.116703033,5552350112077796946
hypot,real,4,64,4096,29925821,114.157947540,5552350112077796946
hypot,real,5,64,4096,30242150,115.364646912,5552350112077796946
hypot,real,6,64,4096,29876481,113.969730377,5552350112077796946
hypot,real,7,64,4096,29474719,112.437129974,5552350112077796946
hypot,real,8,64,4096,29591019,112.880779266,5552350112077796946
hypot,real,9,64,4096,29278418,111.688301086,5552350112077796946
hypot,real,10,64,4096,29704013,113.311817169,5552350112077796946
hypot,real,11,64,4096,29600619,112.917400360,5552350112077796946
hypot,fine,1,32,4096,20876990,159.278793335,16607870790100494973
hypot,fine,2,32,4096,21042385,160.540657043,16607870790100494973
hypot,fine,3,32,4096,22825255,174.142875671,16607870790100494973
hypot,fine,4,32,4096,21453708,163.678802490,16607870790100494973
hypot,fine,5,32,4096,21453965,163.680763245,16607870790100494973
hypot,fine,6,32,4096,21241890,162.062759399,16607870790100494973
hypot,fine,7,32,4096,20793613,158.642677307,16607870790100494973
hypot,fine,8,32,4096,20893384,159.403869629,16607870790100494973
hypot,fine,9,32,4096,20731278,158.167098999,16607870790100494973
hypot,fine,10,32,4096,21328183,162.721122742,16607870790100494973
hypot,fine,11,32,4096,20851211,159.082115173,16607870790100494973
hypot,float,1,4096,4096,25951541,1.546832383,8240410587237191037
hypot,float,2,4096,4096,25946362,1.546523690,8240410587237191037
hypot,float,3,4096,4096,25956975,1.547156274,8240410587237191037
hypot,float,4,4096,4096,26274634,1.566090226,8240410587237191037
hypot,float,5,4096,4096,26481588,1.578425646,8240410587237191037
hypot,float,6,4096,4096,26053419,1.552904785,8240410587237191037
hypot,float,7,4096,4096,26031571,1.551602542,8240410587237191037
hypot,float,8,4096,4096,25910980,1.544414759,8240410587237191037
hypot,float,9,4096,4096,25838418,1.540089726,8240410587237191037
hypot,float,10,4096,4096,25937291,1.545983016,8240410587237191037
hypot,float,11,4096,4096,26163115,1.559443176,8240410587237191037
hypot,double,1,1024,4096,26002827,6.199557066,5429518254979386890
hypot,double,2,1024,4096,23128943,5.514369726,5429518254979386890
hypot,double,3,1024,4096,24721266,5.894009113,5429518254979386890
hypot,double,4,1024,4096,25065969,5.976192713,5429518254979386890
hypot,double,5,1024,4096,26354906,6.283499241,5429518254979386890
hypot,double,6,1024,4096,23261483,5.545969725,5429518254979386890
hypot,double,7,1024,4096,25213133,6.011279345,5429518254979386890
hypot,double,8,1024,4096,25534103,6.087804556,5429518254979386890
hypot,double,9,1024,4096,26119269,6.227319002,5429518254979386890
hypot,double,10,1024,4096,24340718,5.803279400,5429518254979386890
hypot,double,11,1024,4096,24824337,5.918583155,5429518254979386890
